yr,cls,inc_cost,tot_cost,tech_type,base_cost,fuel_1,fuel_2,range_limited,intro_yr,intro,final,incr_cost,fuel_mo,cost,interval_k_miles,monthly_mi_dep_savings,subsidy,f1_mpgde,f2_mpgde,CD_range,flt,cohort,VMTShr,TruckShr,VMT,price_dge_f1,price_dge_f2,fuel_avail_pref_factor_multiplier,OPDAYS,VMTperday,fuel1_vmtshr,monthly_fuel_cost,base_monthly_fuel_cost,monthly_savings,pref_factor,indifference_calc,inc_cost_adj,adoption_curve,cumulative_proportion_willing_to_adopt,indiv_tech_adoption_rate,adj_indiv_tech_adoption_rate,final_mkt_shr,final_mkt_shr_v7,tech_shr_of_vmt,tech_shr_of_trk,tech_shr_of_vmt_v7,tech_shr_of_trk_v7,conventional_diesel_ice,adv_conv,hev,bev,fcev,na
2021,78Sleep,1000000,1151412,alt,151412,Diesel,N/A,FALSE,2025,0,0.5,5,5,0,350,0,0,6.499474553029177,1,0,NCent,>200,0.050731034221433824,0.025879387454831333,224042.00197938742,2.975979101,NA,1,250,896.1680079175497,1,8548.695106002984,8562.634362079889,13.939256076904712,0,0,0,Moderate,0,0,0,0,0,0,0,0,0,NA,86,NA,NA,NA,NA
2021,78Sleep,1000000,1151412,alt,151412,Diesel,N/A,FALSE,2025,0,0.5,5,5,0,350,0,0,6.925542724448029,1,0,NCent,>200,0.050731034221433824,0.025879387454831333,224042.00197938742,2.975979101,NA,1,250,896.1680079175497,1,8022.768541580227,8562.634362079889,539.8658204996618,0,0,0,Moderate,0,0,0,0,0,0,0,0,0,NA,NA,86,NA,NA,NA
2021,78Sleep,1000000,1151412,alt,151412,Electricity,N/A,TRUE,2025,0,0.5,5,5,0,350,0,0,13.444232915384625,1,476.9440095343597,NCent,>200,0.050731034221433824,0.025879387454831333,224042.00197938742,9.4237110214,NA,1,250,896.1680079175497,1,13086.820055098646,8562.634362079889,-4524.185693018757,0,0,0,Moderate,0,0,0,0,0,0,0,0,0,NA,NA,NA,86,NA,NA
2021,78Sleep,1000000,1151412,alt,151412,Hydrogen,N/A,FALSE,2025,0,0.5,5,5,0,350,0,0,8.64397100028433,1,0,NCent,>200,0.050731034221433824,0.025879387454831333,224042.00197938742,9.301788375558868,NA,1,250,896.1680079175497,1,20090.9906799033,8562.634362079889,-11528.356317823413,0,0,0,Moderate,0,0,0,0,0,0,0,0,0,NA,NA,NA,NA,86,NA
2021,78Sleep,1000000,1151412,alt,151412,Diesel,N/A,FALSE,2025,0,0,5,5,0,350,0,0,1,1,0,NCent,>200,0.050731034221433824,0.025879387454831333,224042.00197938742,2.975979101,NA,1,250,896.1680079175497,1,55562.02630307146,8562.634362079889,-46999.391940991576,0,0,0,Moderate,0,0,0,0,0,0,0,0,0,NA,NA,NA,NA,NA,86
2022,78Sleep,1000000,1152694.0529132504,alt,152694.0529132503,Diesel,N/A,FALSE,2025,0,0.5,5,5,0,350,0,0,6.701253485566385,1,0,NCent,>200,0.050731034221433824,0.025879387454831333,224042.00197938742,3.0226090701,NA,1,250,896.1680079175497,1,8421.202947638072,8526.28840624671,105.08545860863705,0,0,0,Moderate,0,0,0,0,0,0,0,0,0,NA,86,NA,NA,NA,NA
2022,78Sleep,1000000,1152694.0529132504,alt,152694.0529132503,Diesel,N/A,FALSE,2025,0,0.5,5,5,0,350,0,0,7.150826115602847,1,0,NCent,>200,0.050731034221433824,0.025879387454831333,224042.00197938742,3.0226090701,NA,1,250,896.1680079175497,1,7891.761692035498,8526.28840624671,634.5267142112116,0,0,0,Moderate,0,0,0,0,0,0,0,0,0,NA,NA,86,NA,NA,NA
2022,78Sleep,1000000,1152694.0529132504,alt,152694.0529132503,Electricity,N/A,TRUE,2025,0,0.5,5,5,0,350,0,0,13.708325284148495,1,482.65361777609206,NCent,>200,0.050731034221433824,0.025879387454831333,224042.00197938742,9.5316462518,NA,1,250,896.1680079175497,1,12981.704330202116,8526.28840624671,-4455.4159239554065,0,0,0,Moderate,0,0,0,0,0,0,0,0,0,NA,NA,NA,86,NA,NA
2022,78Sleep,1000000,1152694.0529132504,alt,152694.0529132503,Hydrogen,N/A,FALSE,2025,0,0.5,5,5,0,350,0,0,8.87052186652979,1,0,NCent,>200,0.050731034221433824,0.025879387454831333,224042.00197938742,8.268256333830104,NA,1,250,896.1680079175497,1,17402.55280150288,8526.28840624671,-8876.26439525617,0,0,0,Moderate,0,0,0,0,0,0,0,0,0,NA,NA,NA,NA,86,NA
2022,78Sleep,1000000,1152694.0529132504,alt,152694.0529132503,Diesel,N/A,FALSE,2025,0,0,5,5,0,350,0,0,1,1,0,NCent,>200,0.050731034221433824,0.025879387454831333,224042.00197938742,3.0226090701,NA,1,250,896.1680079175497,1,56432.61560552155,8526.28840624671,-47906.327199274834,0,0,0,Moderate,0,0,0,0,0,0,0,0,0,NA,NA,NA,NA,NA,86
2023,78Sleep,1000000,1153887.6238913627,alt,153887.62389136266,Diesel,N/A,FALSE,2025,0,0.5,5,5,0,350,0,0,6.860940645431103,1,0,NCent,>200,0.050731034221433824,0.025879387454831333,224042.00197938742,3.0399664042000003,NA,1,250,896.1680079175497,1,8272.434183892343,8421.531167709489,149.09698381714588,0,0,0,Moderate,0,0,0,0,0,0,0,0,0,NA,86,NA,NA,NA,NA
2023,78Sleep,1000000,1153887.6238913627,alt,153887.62389136266,Diesel,N/A,FALSE,2025,0,0.5,5,5,0,350,0,0,7.329114623951317,1,0,NCent,>200,0.050731034221433824,0.025879387454831333,224042.00197938742,3.0399664042000003,NA,1,250,896.1680079175497,1,7744.002221419977,8421.531167709489,677.5289462895116,0,0,0,Moderate,0,0,0,0,0,0,0,0,0,NA,NA,86,NA,NA,NA
2023,78Sleep,1000000,1153887.6238913627,alt,153887.62389136266,Electricity,N/A,TRUE,2025,0,0.5,5,5,0,350,0,0,13.91732708517682,1,488.36322601782445,NCent,>200,0.050731034221433824,0.025879387454831333,224042.00197938742,9.680597014,NA,1,250,896.1680079175497,1,12986.571356329065,8421.531167709489,-4565.040188619576,0,0,0,Moderate,0,0,0,0,0,0,0,0,0,NA,NA,NA,86,NA,NA
2023,78Sleep,1000000,1153887.6238913627,alt,153887.62389136266,Hydrogen,N/A,FALSE,2025,0,0.5,5,5,0,350,0,0,9.04981345034743,1,0,NCent,>200,0.050731034221433824,0.025879387454831333,224042.00197938742,7.234724292101341,NA,1,250,896.1680079175497,1,14925.557333901577,8421.531167709489,-6504.026166192089,0,0,0,Moderate,0,0,0,0,0,0,0,0,0,NA,NA,NA,NA,86,NA
2023,78Sleep,1000000,1153887.6238913627,alt,153887.62389136266,Diesel,N/A,FALSE,2025,0,0,5,5,0,350,0,0,1,1,0,NCent,>200,0.050731034221433824,0.025879387454831333,224042.00197938742,3.0399664042000003,NA,1,250,896.1680079175497,1,56756.67992892064,8421.531167709489,-48335.14876121115,0,0,0,Moderate,0,0,0,0,0,0,0,0,0,NA,NA,NA,NA,NA,86
2024,78Sleep,1000000,1155468.9856745866,alt,155468.9856745867,Diesel,N/A,FALSE,2025,0,0.5,5,5,0,350,0,0,7.070248586403799,1,0,NCent,>200,0.050731034221433824,0.025879387454831333,224042.00197938742,3.0947866083000006,NA,1,250,896.1680079175497,1,8172.298552037206,8374.502917364436,202.20436532723033,0,0,0,Moderate,0,0,0,0,0,0,0,0,0,NA,86,NA,NA,NA,NA
2024,78Sleep,1000000,1155468.9856745866,alt,155468.9856745867,Diesel,N/A,FALSE,2025,0,0.5,5,5,0,350,0,0,7.56280404903174,1,0,NCent,>200,0.050731034221433824,0.025879387454831333,224042.00197938742,3.0947866083000006,NA,1,250,896.1680079175497,1,7640.0475155254635,8374.502917364436,734.4554018389726,0,0,0,Moderate,0,0,0,0,0,0,0,0,0,NA,NA,86,NA,NA,NA
2024,78Sleep,1000000,1155468.9856745866,alt,155468.9856745867,Electricity,N/A,TRUE,2025,0,0.5,5,5,0,350,0,0,14.191273573234364,1,494.0728342595568,NCent,>200,0.050731034221433824,0.025879387454831333,224042.00197938742,9.8160969276,NA,1,250,896.1680079175497,1,12914.145184210725,8374.502917364436,-4539.642266846289,0,0,0,Moderate,0,0,0,0,0,0,0,0,0,NA,NA,NA,86,NA,NA
2024,78Sleep,1000000,1155468.9856745866,alt,155468.9856745867,Hydrogen,N/A,FALSE,2025,0,0.5,5,5,0,350,0,0,9.28481764401207,1,0,NCent,>200,0.050731034221433824,0.025879387454831333,224042.00197938742,6.2011922503725785,NA,1,250,896.1680079175497,1,12469.528030423362,8374.502917364436,-4095.025113058926,0,0,0,Moderate,0,0,0,0,0,0,0,0,0,NA,NA,NA,NA,86,NA
2024,78Sleep,1000000,1155468.9856745866,alt,155468.9856745867,Diesel,N/A,FALSE,2025,0,0,5,5,0,350,0,0,1,1,0,NCent,>200,0.050731034221433824,0.025879387454831333,224042.00197938742,3.0947866083000006,NA,1,250,896.1680079175497,1,57780.18228521087,8374.502917364436,-49405.67936784643,0,0,0,Moderate,0,0,0,0,0,0,0,0,0,NA,NA,NA,NA,NA,86
2025,78Sleep,1370.3512113064376,158648.39118098008,alt,157278.03996967364,Diesel,N/A,FALSE,2025,0,0.5,5,5,0,350,0,0,7.279556527376493,1,0,NCent,>200,0.050731034221433824,0.025879387454831333,224042.00197938742,3.1132364822999996,NA,1,250,896.1680079175497,1,7984.640862698389,8206.629165770395,221.9883030720057,0.00899310498104578,0,0.9997891472310344,Moderate,0.9967272854070297,0.017927346230276395,0.017923566199683535,0.009477067230747326,0.009477067230747328,4.807814220018717e-4,2.452606947999955e-4,4.8078142200187176e-4,2.452606947999955e-4,NA,7,NA,NA,NA,NA
2025,78Sleep,9327.48066679778,166605.52063647142,alt,157278.03996967364,Diesel,N/A,FALSE,2025,0,0.5,5,5,0,350,0,0,7.796493474112162,1,0,NCent,>200,0.050731034221433824,0.025879387454831333,224042.00197938742,3.1132364822999996,NA,1,250,896.1680079175497,1,7455.229033900035,8206.629165770395,751.4001318703604,0.00899310498104578,0,0.9902776722253624,Moderate,0.8968721742495617,0.016131331235210183,0.01597449714550022,0.00844649896893621,0.008446498968936208,4.2849962824440836e-4,2.1859021945393352e-4,4.2849962824440826e-4,2.1859021945393347e-4,NA,NA,13,NA,NA,NA
2025,78Sleep,548412.8458185317,705690.8857882053,alt,157278.03996967364,Electricity,N/A,TRUE,2025,0,0.5,5,5,0,350,0,0,14.465220061291907,1,499.7824425012892,NCent,>200,0.050731034221433824,0.025879387454831333,224042.00197938742,10.024830441199999,NA,1,250,896.1680079175497,1,12938.98440554708,8206.629165770395,-4732.355239776685,0.00899310498104578,0,2.1094237467877974e-15,Moderate,0,0,0,0,0,0,0,0,0,NA,NA,NA,86,NA,NA
2025,78Sleep,140076.3663988047,297354.4063684783,alt,157278.03996967364,Hydrogen,N/A,FALSE,2025,0,0.5,5,5,0,350,0,0,9.519821837676705,1,0,NCent,>200,0.050731034221433824,0.025879387454831333,224042.00197938742,5.167660208643816,NA,1,250,896.1680079175497,1,10134.756707592716,8206.629165770395,-1928.1275418223213,0.00899310498104578,0,0.11042834878941954,Moderate,0,0,0,0,0,0,0,0,0,NA,NA,NA,NA,86,NA
2025,78Sleep,1000000,1157278.0399696736,alt,157278.03996967364,Diesel,N/A,FALSE,2025,0,0,5,5,0,350,0,0,1,1,0,NCent,>200,0.050731034221433824,0.025879387454831333,224042.00197938742,3.1132364822999996,NA,1,250,896.1680079175497,1,58124.64451081314,8206.629165770395,-49918.015345042746,0,0,0,Moderate,0,0,0,0,0,0,0,0,0,NA,NA,NA,NA,NA,86
2026,78Sleep,1650.8697980021368,161021.31665105085,alt,159370.44685304872,Diesel,N/A,FALSE,2025,0,0.5,5,5,0,350,0,0,7.43924368724121,1,0,NCent,>200,0.050731034221433824,0.025879387454831333,224042.00197938742,3.1703064004000003,NA,1,250,896.1680079175497,1,7956.474057211189,8114.424829526849,157.9507723156603,0.02371293658878339,0,0.9997019817628758,Moderate,0.9423324261565089,0.04469093813400741,0.04467761941940929,0.023321973382484765,0.02332197338248477,0.0011831478297782035,6.035583853765865e-4,0.0011831478297782035,6.035583853765866e-4,NA,11,NA,NA,NA,NA
2026,78Sleep,9251.428573421907,168621.87542647062,alt,159370.44685304872,Diesel,N/A,FALSE,2025,0,0.5,5,5,0,350,0,0,7.974781982460632,1,0,NCent,>200,0.050731034221433824,0.025879387454831333,224042.00197938742,3.1703064004000003,NA,1,250,896.1680079175497,1,7422.165211912611,8114.424829526849,692.2596176142379,0.02371293658878339,0,0.990683163043997,Moderate,0.8707376536273742,0.041295493531863924,0.040910750151609866,0.021355646036924518,0.021355646036924525,0.0010833940099200454,5.526710381378028e-4,0.0010833940099200458,5.52671038137803e-4,NA,NA,14,NA,NA,NA
2026,78Sleep,509059.1834105791,668429.6302636279,alt,159370.44685304872,Electricity,N/A,TRUE,2025,0,0.5,5,5,0,350,0,0,14.674221862320229,1,505.4920507430216,NCent,>200,0.050731034221433824,0.025879387454831333,224042.00197938742,10.1967696188,NA,1,250,896.1680079175497,1,12973.457244460946,8114.424829526849,-4859.032414934097,0.02371293658878339,0,4.914957330015568e-13,Moderate,0,0,0,0,0,0,0,0,0,NA,NA,NA,86,NA,NA
2026,78Sleep,126559.32027063987,285929.7671236886,alt,159370.44685304872,Hydrogen,N/A,FALSE,2025,0,0.5,5,5,0,350,0,0,9.699113421494348,1,0,NCent,>200,0.050731034221433824,0.025879387454831333,224042.00197938742,5.167660208643816,NA,1,250,896.1680079175497,1,9947.412101674003,8114.424829526849,-1832.9872721471538,0.02371293658878339,0,0.1734714626522771,Moderate,0,0,0,0,0,0,0,0,0,NA,NA,NA,NA,86,NA
2026,78Sleep,1000000,1159370.4468530486,alt,159370.44685304872,Diesel,N/A,FALSE,2025,0,0,5,5,0,350,0,0,1,1,0,NCent,>200,0.050731034221433824,0.025879387454831333,224042.00197938742,3.1703064004000003,NA,1,250,896.1680079175497,1,59190.14940280679,8114.424829526849,-51075.72457327994,0,0,0,Moderate,0,0,0,0,0,0,0,0,0,NA,NA,NA,NA,NA,86
2027,78Sleep,2005.3299877146783,163443.97992628836,alt,161438.64993857368,Diesel,N/A,FALSE,2025,0,0.5,5,5,0,350,0,0,7.641022619778418,1,0,NCent,>200,0.050731034221433824,0.025879387454831333,224042.00197938742,3.1782780442,NA,1,250,896.1680079175497,1,7765.8429081048525,7907.882907673359,142.03999956850657,0.05960146101105877,0,0.9995714898677991,Moderate,0.8427352129942551,0.10045649987984681,0.10041345325180286,0.050420231442756154,0.050420231442756154,0.0025578704867750763,0.0013048447050693559,0.0025578704867750763,0.0013048447050693559,NA,15,NA,NA,NA,NA
2027,78Sleep,9155.329987714678,170593.97992628836,alt,161438.64993857368,Diesel,N/A,FALSE,2025,0,0.5,5,5,0,350,0,0,8.200065373615452,1,0,NCent,>200,0.050731034221433824,0.025879387454831333,224042.00197938742,3.1782780442,NA,1,250,896.1680079175497,1,7236.403445441329,7907.882907673359,671.4794622320305,0.05960146101105877,0,0.9911061051692093,Moderate,0.8427352129942551,0.10045649987984681,0.09956305033484611,0.0499932218090467,0.049993221809046695,0.00253620784643448,0.0012937939573116435,0.0025362078464344798,0.0012937939573116433,NA,NA,15,NA,NA,NA
2027,78Sleep,459332.32998771465,620770.9799262884,alt,161438.64993857368,Electricity,N/A,TRUE,2025,0,0.5,5,5,0,350,0,0,14.938314231084103,1,511.20165898475403,NCent,>200,0.050731034221433824,0.025879387454831333,224042.00197938742,10.2716506974,NA,1,250,896.1680079175497,1,12837.68899153901,7907.882907673359,-4929.80608386565,0.05960146101105877,0,1.7135948215951657e-10,Moderate,0,0,0,0,0,0,0,0,0,NA,NA,NA,86,NA,NA
2027,78Sleep,109479.32998771468,270917.97992628836,alt,161438.64993857368,Hydrogen,N/A,FALSE,2025,0,0.5,5,5,0,350,0,0,9.925664287739808,1,0,NCent,>200,0.050731034221433824,0.025879387454831333,224042.00197938742,5.167660208643816,NA,1,250,896.1680079175497,1,9720.36484688034,7907.882907673359,-1812.4819392069812,0.05960146101105877,0,0.2787448912184892,Moderate,0,0,0,0,0,0,0,0,0,NA,NA,NA,NA,86,NA
2027,78Sleep,1000000,1161438.6499385736,alt,161438.64993857368,Diesel,N/A,FALSE,2025,0,0,5,5,0,350,0,0,1,1,0,NCent,>200,0.050731034221433824,0.025879387454831333,224042.00197938742,3.1782780442,NA,1,250,896.1680079175497,1,59338.98132247499,7907.882907673359,-51431.09841480163,0,0,0,Moderate,0,0,0,0,0,0,0,0,0,NA,NA,NA,NA,NA,86
2028,78Sleep,2201.1991386476466,164126.8172324316,alt,161925.61809378397,Diesel,N/A,FALSE,2025,0,0.5,5,5,0,350,0,0,7.9313508994189945,1,0,NCent,>200,0.050731034221433824,0.025879387454831333,224042.00197938742,3.2270252688000003,NA,1,250,896.1680079175497,1,7596.322606625404,7908.865991052288,312.5433844268846,0.13447071068499755,0,0.9994868154414768,Moderate,0.9886499600138164,0.2658889254835046,0.26575247539266417,0.13815142005998107,0.13815142005998107,0.007008564418802579,0.003575274127167408,0.007008564418802579,0.003575274127167408,NA,8,NA,NA,NA,NA
2028,78Sleep,9165.981876539403,171091.59997032338,alt,161925.61809378397,Diesel,N/A,FALSE,2025,0,0.5,5,5,0,350,0,0,8.521618413189062,1,0,NCent,>200,0.050731034221433824,0.025879387454831333,224042.00197938742,3.2270252688000003,NA,1,250,896.1680079175497,1,7070.1476195046025,7908.865991052288,838.7183715476858,0.13447071068499755,0,0.991138789959992,Moderate,0.9208397583791071,0.24765195347247992,0.245457457495942,0.12760105533268307,0.1276010553326831,0.006473333504773415,0.0033022371505998767,0.006473333504773417,0.0033022371505998776,NA,NA,12,NA,NA,NA
2028,78Sleep,407688.7369708905,569614.3550646745,alt,161925.61809378397,Electricity,N/A,TRUE,2025,0,0.5,5,5,0,350,0,0,15.350414684274368,1,512.1396963610377,NCent,>200,0.050731034221433824,0.025879387454831333,224042.00197938742,10.258342987199999,NA,1,250,896.1680079175497,1,12476.860001910216,7908.865991052288,-4567.994010857928,0.13447071068499755,0,2.2526841281234056e-8,Moderate,0,0,0,0,0,0,0,0,0,NA,NA,NA,86,NA,NA
2028,78Sleep,104645.12572423878,266570.7438180228,alt,161925.61809378397,Hydrogen,N/A,FALSE,2025,0,0.5,5,5,0,350,0,0,10.147600336386622,1,0,NCent,>200,0.050731034221433824,0.025879387454831333,224042.00197938742,5.167660208643816,NA,1,250,896.1680079175497,1,9507.772776439162,7908.865991052288,-1598.9067853868737,0.13447071068499755,0,0.3134473368667673,Moderate,0,0,0,0,0,0,0,0,0,NA,NA,NA,NA,86,NA
2028,78Sleep,1000000,1161925.618093784,alt,161925.61809378397,Diesel,N/A,FALSE,2025,0,0,5,5,0,350,0,0,1,1,0,NCent,>200,0.050731034221433824,0.025879387454831333,224042.00197938742,3.2270252688000003,NA,1,250,896.1680079175497,1,60249.100138335234,7908.865991052288,-52340.23414728294,0,0,0,Moderate,0,0,0,0,0,0,0,0,0,NA,NA,NA,NA,NA,86
2029,78Sleep,2349.6502863568376,164862.49854820932,alt,162512.8482618525,Diesel,N/A,FALSE,2025,0,0.5,5,5,0,350,0,0,8.151393545847927,1,0,NCent,>200,0.050731034221433824,0.025879387454831333,224042.00197938742,3.2571352357000003,NA,1,250,896.1680079175497,1,7460.228475243729,7840.985724712953,380.757249469224,0.25,0,0.999419499675061,Moderate,0.9967272854070297,0.49836364270351485,0.49807434244698773,0.2570522149795154,0.2570522149795154,0.01304052471482116,0.006652353867577478,0.01304052471482116,0.006652353867577478,NA,7,NA,NA,NA,NA
2029,78Sleep,9174.055047397444,171686.90330924993,alt,162512.8482618525,Diesel,N/A,FALSE,2025,0,0.5,5,5,0,350,0,0,8.765326610966552,1,0,NCent,>200,0.050731034221433824,0.025879387454831333,224042.00197938742,3.2571352357000003,NA,1,250,896.1680079175497,1,6937.705911331353,7840.985724712953,903.2798133816004,0.25,0,0.9911869954499284,Moderate,0.9423324261565089,0.47116621307825446,0.46701382309855577,0.24102212746747234,0.24102212746747234,0.012227301796675125,0.006237505021918462,0.012227301796675125,0.006237505021918462,NA,NA,11,NA,NA,NA
2029,78Sleep,368547.552059145,531060.4003209975,alt,162512.8482618525,Electricity,N/A,TRUE,2025,0,0.5,5,5,0,350,0,0,15.662749653595334,1,513.0777337373214,NCent,>200,0.050731034221433824,0.025879387454831333,224042.00197938742,10.2227176148,NA,1,250,896.1680079175497,1,12185.58985886622,7840.985724712953,-4344.604134153267,0.25,0,6.247270333270549e-7,Moderate,0,0,0,0,0,0,0,0,0,NA,NA,NA,86,NA,NA
2029,78Sleep,100981.2349698481,263494.0832317006,alt,162512.8482618525,Hydrogen,N/A,FALSE,2025,0,0.5,5,5,0,350,0,0,10.315807841155648,1,0,NCent,>200,0.050731034221433824,0.025879387454831333,224042.00197938742,5.167660208643816,NA,1,250,896.1680079175497,1,9352.740930241402,7840.985724712953,-1511.7552055284486,0.25,0,0.34214687087296847,Moderate,0,0,0,0,0,0,0,0,0,NA,NA,NA,NA,86,NA
2029,78Sleep,1000000,1162512.8482618525,alt,162512.8482618525,Diesel,N/A,FALSE,2025,0,0,5,5,0,350,0,0,1,1,0,NCent,>200,0.050731034221433824,0.025879387454831333,224042.00197938742,3.2571352357000003,NA,1,250,896.1680079175497,1,60811.258243652665,7840.985724712953,-52970.27251893971,0,0,0,Moderate,0,0,0,0,0,0,0,0,0,NA,NA,NA,NA,NA,86
2030,78Sleep,2518.770537790489,165499.6547761915,alt,162980.88423840102,Diesel,N/A,FALSE,2025,0,0.5,5,5,0,350,0,0,8.402073101138987,1,0,NCent,>200,0.050731034221433824,0.025879387454831333,224042.00197938742,3.3250624511,NA,1,250,896.1680079175497,1,7388.589689747193,7892.861105075846,504.27141532865335,0.36552928931500245,0,0.9993367804599326,Moderate,1,0.7310585786300049,0.7305737262957236,0.37403466139509994,0.3740346613950999,0.01897516520723723,0.009679787923780435,0.018975165207237226,0.009679787923780433,NA,6,NA,NA,NA,NA
2030,78Sleep,9183.252259453044,172164.13649785405,alt,162980.88423840102,Diesel,N/A,FALSE,2025,0,0.5,5,5,0,350,0,0,9.042966712242913,1,0,NCent,>200,0.050731034221433824,0.025879387454831333,224042.00197938742,3.3250624511,NA,1,250,896.1680079175497,1,6864.945173748214,7892.861105075846,1027.9159313276323,0.36552928931500245,0,0.991219816674126,Moderate,0.9610304919278353,0.7025695854488576,0.6964008956894333,0.35653906490062365,0.3565390649006237,0.018087595502751554,0.009227012603346494,0.018087595502751557,0.009227012603346496,NA,NA,10,NA,NA,NA
2030,78Sleep,323956.67394311365,486937.5581815147,alt,162980.88423840102,Electricity,N/A,TRUE,2025,0,0.5,5,5,0,350,0,0,16.018571547586753,1,514.0157711136051,NCent,>200,0.050731034221433824,0.025879387454831333,224042.00197938742,10.181428844000001,NA,1,250,896.1680079175497,1,11866.786906497968,7892.861105075846,-3973.9258014221214,0.36552928931500245,0,1.7127322150201074e-5,Moderate,0,0,0,0,0,0,0,0,0,NA,NA,NA,86,NA,NA
2030,78Sleep,96807.21452494164,259788.09876334266,alt,162980.88423840102,Hydrogen,N/A,FALSE,2025,0,0.5,5,5,0,350,0,0,10.507435160570463,1,0,NCent,>200,0.050731034221433824,0.025879387454831333,224042.00197938742,4.134128166915052,NA,1,250,896.1680079175497,1,7345.737699074682,7892.861105075846,547.1234060011648,0.36552928931500245,0,0.3752996381744934,Moderate,0,0,0,0,0,0,0,0,0,NA,NA,NA,NA,86,NA
2030,78Sleep,1000000,1162980.884238401,alt,162980.88423840102,Diesel,N/A,FALSE,2025,0,0,5,5,0,350,0,0,1,1,0,NCent,>200,0.050731034221433824,0.025879387454831333,224042.00197938742,3.3250624511,NA,1,250,896.1680079175497,1,62079.47068757775,7892.861105075846,-54186.6095825019,0,0,0,Moderate,0,0,0,0,0,0,0,0,0,NA,NA,NA,NA,NA,86
2031,78Sleep,2658.1155637144275,166043.0527225084,alt,163384.93715879397,Diesel,N/A,FALSE,2025,0,0.5,5,5,0,350,0,0,8.608618141336835,1,0,NCent,>200,0.050731034221433824,0.025879387454831333,224042.00197938742,3.3623350247,NA,1,250,896.1680079175497,1,7292.152448195944,7886.374567505979,594.2221193100349,0.44039853898894116,0,0.9992650436569982,Moderate,1,0.8807970779778823,0.880149730578525,0.44705776667447344,0.44705776667447344,0.02267970286012049,0.01156958115846028,0.02267970286012049,0.01156958115846028,NA,5,NA,NA,NA,NA
2031,78Sleep,9190.830215028744,172575.76737382272,alt,163384.93715879397,Diesel,N/A,FALSE,2025,0,0.5,5,5,0,350,0,0,9.271725638402959,1,0,NCent,>200,0.050731034221433824,0.025879387454831333,224042.00197938742,3.3623350247,NA,1,250,896.1680079175497,1,6770.622676206194,7886.374567505979,1115.7518912997848,0.44039853898894116,0,0.9912486378765039,Moderate,0.976595171704321,0.8601821736044741,0.8526544079110854,0.43309196390405164,0.4330919639040516,0.021971203241844425,0.011208154737446779,0.021971203241844425,0.011208154737446777,NA,NA,9,NA,NA,NA
2031,78Sleep,287216.4431642641,450601.38032305805,alt,163384.93715879397,Electricity,N/A,TRUE,2025,0,0.5,5,5,0,350,0,0,16.31174761977341,1,514.9538084898887,NCent,>200,0.050731034221433824,0.025879387454831333,224042.00197938742,10.1662861328,NA,1,250,896.1680079175497,1,11636.169378149869,7886.374567505979,-3749.79481064389,0.44039853898894116,0,1.870664563443647e-4,Moderate,0,0,0,0,0,0,0,0,0,NA,NA,NA,86,NA,NA
2031,78Sleep,93368.06999806207,256753.00715685604,alt,163384.93715879397,Hydrogen,N/A,FALSE,2025,0,0.5,5,5,0,350,0,0,10.665324671526328,1,0,NCent,>200,0.050731034221433824,0.025879387454831333,224042.00197938742,4.134128166915052,NA,1,250,896.1680079175497,1,7236.991367515421,7886.374567505979,649.3831999905578,0.44039853898894116,0,0.40368053616156985,Moderate,0,0,0,0,0,0,0,0,0,NA,NA,NA,NA,86,NA
2031,78Sleep,1000000,1163384.937158794,alt,163384.93715879397,Diesel,N/A,FALSE,2025,0,0,5,5,0,350,0,0,1,1,0,NCent,>200,0.050731034221433824,0.025879387454831333,224042.00197938742,3.3623350247,NA,1,250,896.1680079175497,1,62775.35585493342,7886.374567505979,-54888.98128742744,0,0,0,Moderate,0,0,0,0,0,0,0,0,0,NA,NA,NA,NA,NA,86
2032,78Sleep,2745.4057496023306,166392.69662617228,alt,163647.29087656995,Diesel,N/A,FALSE,2025,0,0.5,5,5,0,350,0,0,8.738004567824252,1,0,NCent,>200,0.050731034221433824,0.025879387454831333,224042.00197938742,3.3867238939999997,NA,1,250,896.1680079175497,1,7236.285999029092,7882.68145591306,646.3954568839681,0.4762870634112167,0,0.9992185104353866,Moderate,1,0.9525741268224334,0.9518297000828009,0.48345081931694306,0.4834508193169431,0.024525960059148057,0.012511411068458825,0.02452596005914806,0.012511411068458827,NA,5,NA,NA,NA,NA
2032,78Sleep,9195.577289037788,172842.86816560774,alt,163647.29087656995,Diesel,N/A,FALSE,2025,0,0.5,5,5,0,350,0,0,9.415027554317255,1,0,NCent,>200,0.050731034221433824,0.025879387454831333,224042.00197938742,3.3867238939999997,NA,1,250,896.1680079175497,1,6715.933623009364,7882.68145591306,1166.7478329036958,0.4762870634112167,0,0.9912675783049991,Moderate,0.976595171704321,0.9302792929452479,0.9221557018651227,0.4683788807658577,0.46837888076585776,0.0237613450287296,0.012121358530999878,0.0237613450287296,0.01212135853099988,NA,NA,9,NA,NA,NA
2032,78Sleep,264201.1862292881,427848.47710585804,alt,163647.29087656995,Electricity,N/A,TRUE,2025,0,0.5,5,5,0,350,0,0,16.49540249851324,1,515.8918458661724,NCent,>200,0.050731034221433824,0.025879387454831333,224042.00197938742,10.1611156742,NA,1,250,896.1680079175497,1,11500.76361275557,7882.68145591306,-3618.082156842511,0.4762870634112167,0,7.171823926983567e-4,Moderate,0,0,0,0,0,0,0,0,0,NA,NA,NA,86,NA,NA
2032,78Sleep,91213.67974942451,254860.97062599447,alt,163647.29087656995,Hydrogen,N/A,FALSE,2025,0,0.5,5,5,0,350,0,0,10.764231716608874,1,0,NCent,>200,0.050731034221433824,0.025879387454831333,224042.00197938742,4.134128166915052,NA,1,250,896.1680079175497,1,7170.494338252812,7882.68145591306,712.1871176602481,0.4762870634112167,0,0.4219037068057112,Moderate,0,0,0,0,0,0,0,0,0,NA,NA,NA,NA,86,NA
2032,78Sleep,1000000,1163647.29087657,alt,163647.29087656995,Diesel,N/A,FALSE,2025,0,0,5,5,0,350,0,0,1,1,0,NCent,>200,0.050731034221433824,0.025879387454831333,224042.00197938742,3.3867238939999997,NA,1,250,896.1680079175497,1,63230.70011359888,7882.68145591306,-55348.018657685825,0,0,0,Moderate,0,0,0,0,0,0,0,0,0,NA,NA,NA,NA,NA,86
2033,78Sleep,2791.0683631348884,166515.39145009188,alt,163724.32308695698,Diesel,N/A,FALSE,2025,0,0.5,5,5,0,350,0,0,8.805688263636753,1,0,NCent,>200,0.050731034221433824,0.025879387454831333,224042.00197938742,3.4412127438,NA,1,250,896.1680079175497,1,7296.194698958519,7991.517005141652,695.3223061831322,0.4910068950189542,0,0.999193068334539,Moderate,1,0.9820137900379085,0.9812213720148075,0.4953633137545965,0.49536331375459647,0.025130293222127297,0.012819699127564383,0.025130293222127294,0.012819699127564381,NA,5,NA,NA,NA,NA
2033,78Sleep,9198.060544213391,172922.38363117038,alt,163724.32308695698,Diesel,N/A,FALSE,2025,0,0.5,5,5,0,350,0,0,9.489990620764068,1,0,NCent,>200,0.050731034221433824,0.025879387454831333,224042.00197938742,3.4412127438,NA,1,250,896.1680079175497,1,6770.082142046935,7991.517005141652,1221.434863094717,0.4910068950189542,0,0.9912710656794189,Moderate,0.9886499600138164,0.9708678942539946,0.9623932521710906,0.485858058260211,0.48585805826021095,0.024648081780358152,0.012573708937768015,0.02464808178035815,0.012573708937768014,NA,NA,8,NA,NA,NA
2033,78Sleep,252161.61073652987,415885.93382348685,alt,163724.32308695698,Electricity,N/A,TRUE,2025,0,0.5,5,5,0,350,0,0,16.591474716322868,1,516.829883242456,NCent,>200,0.050731034221433824,0.025879387454831333,224042.00197938742,10.216654205600001,NA,1,250,896.1680079175497,1,11496.665711808051,7991.517005141652,-3505.1487066663994,0.4910068950189542,0,0.0013752159498672256,Moderate,0,0,0,0,0,0,0,0,0,NA,NA,NA,86,NA,NA
2033,78Sleep,90086.69063465527,253811.01372161225,alt,163724.32308695698,Hydrogen,N/A,FALSE,2025,0,0.5,5,5,0,350,0,0,10.815971257879315,1,0,NCent,>200,0.050731034221433824,0.025879387454831333,224042.00197938742,4.134128166915052,NA,1,250,896.1680079175497,1,7136.193388398379,7991.517005141652,855.3236167432724,0.4910068950189542,0,0.43128206625771925,Moderate,0,0,0,0,0,0,0,0,0,NA,NA,NA,NA,86,NA
2033,78Sleep,1000000,1163724.323086957,alt,163724.32308695698,Diesel,N/A,FALSE,2025,0,0,5,5,0,350,0,0,1,1,0,NCent,>200,0.050731034221433824,0.025879387454831333,224042.00197938742,3.4412127438,NA,1,250,896.1680079175497,1,64248.01602982773,7991.517005141652,-56256.49902468608,0,0,0,Moderate,0,0,0,0,0,0,0,0,0,NA,NA,NA,NA,NA,86
2034,78Sleep,2812.7182149636487,166612.48945806338,alt,163799.77124309973,Diesel,N/A,FALSE,2025,0,0.5,5,5,0,350,0,0,8.837778892538639,1,0,NCent,>200,0.050731034221433824,0.025879387454831333,224042.00197938742,3.4689811773,NA,1,250,896.1680079175497,1,7328.363619801003,8038.321506651566,709.9578868505632,0.49665357453785763,0,0.9991812609190227,Moderate,1,0.9933071490757153,0.9924938896933528,0.5010497931989012,0.5010497931989012,0.025418774205415797,0.012966861732357476,0.025418774205415797,0.012966861732357476,NA,5,NA,NA,NA,NA
2034,78Sleep,9199.237921118602,172999.00916421833,alt,163799.77124309973,Diesel,N/A,FALSE,2025,0,0.5,5,5,0,350,0,0,9.525532591659925,1,0,NCent,>200,0.050731034221433824,0.025879387454831333,224042.00197938742,3.4689811773,NA,1,250,896.1680079175497,1,6799.247883801436,8038.321506651566,1239.07362285013,0.49665357453785763,0,0.9912768469928513,Moderate,0.9886499600138164,0.9820330732151439,0.9734666484594078,0.49144409649445164,0.49144409649445164,0.02493146727718165,0.01271827218556943,0.02493146727718165,0.01271827218556943,NA,NA,8,NA,NA,NA
2034,78Sleep,246453.3298184094,410253.1010615091,alt,163799.77124309973,Electricity,N/A,TRUE,2025,0,0.5,5,5,0,350,0,0,16.637025093743905,1,517.7679206187397,NCent,>200,0.050731034221433824,0.025879387454831333,224042.00197938742,10.239288936,NA,1,250,896.1680079175497,1,11490.589909858476,8038.321506651566,-3452.26840320691,0.49665357453785763,0,0.001857726201376253,Moderate,0,0,0,0,0,0,0,0,0,NA,NA,NA,86,NA,NA
2034,78Sleep,89552.35531173335,253352.12655483308,alt,163799.77124309973,Hydrogen,N/A,FALSE,2025,0,0.5,5,5,0,350,0,0,10.840502341747179,1,0,NCent,>200,0.050731034221433824,0.025879387454831333,224042.00197938742,4.134128166915052,NA,1,250,896.1680079175497,1,7120.0448232314375,8038.321506651566,918.2766834201284,0.49665357453785763,0,0.4359269044588817,Moderate,0,0,0,0,0,0,0,0,0,NA,NA,NA,NA,86,NA
2034,78Sleep,1000000,1163799.7712430998,alt,163799.77124309973,Diesel,N/A,FALSE,2025,0,0,5,5,0,350,0,0,1,1,0,NCent,>200,0.050731034221433824,0.025879387454831333,224042.00197938742,3.4689811773,NA,1,250,896.1680079175497,1,64766.457315925356,8038.321506651566,-56728.135809273794,0,0,0,Moderate,0,0,0,0,0,0,0,0,0,NA,NA,NA,NA,NA,86
2035,78Sleep,2830.1879733511887,166678.48046726114,alt,163848.29249390995,Diesel,N/A,FALSE,2025,0,0.5,5,5,0,350,0,0,8.86367355167323,1,0,NCent,>200,0.050731034221433824,0.025879387454831333,224042.00197938742,3.5000631538,NA,1,250,896.1680079175497,1,7372.424381570433,8098.912632408321,726.4882508378878,0.49876368842168267,0,0.9991715538864548,Moderate,1,0.9975273768433653,0.9967009791648646,0.5031704341929254,0.5031704341929255,0.025526356516255014,0.013021742622294429,0.02552635651625502,0.01302174262229443,NA,4,NA,NA,NA,NA
2035,78Sleep,9200.187973351189,173048.48046726114,alt,163848.29249390995,Diesel,N/A,FALSE,2025,0,0.5,5,5,0,350,0,0,9.55421221723329,1,0,NCent,>200,0.050731034221433824,0.025879387454831333,224042.00197938742,3.5000631538,NA,1,250,896.1680079175497,1,6839.576253578323,8098.912632408321,1259.3363788299976,0.49876368842168267,0,0.9912801971850751,Moderate,0.9886499600138164,0.9862054012288803,0.9776058845951506,0.49353054497193904,0.4935305449719391,0.025037314966294324,0.01277226819412287,0.025037314966294327,0.012772268194122872,NA,NA,8,NA,NA,NA
2035,78Sleep,241847.18797335122,405695.48046726116,alt,163848.29249390995,Electricity,N/A,TRUE,2025,0,0.5,5,5,0,350,0,0,16.673780730424504,1,518.7059579950236,NCent,>200,0.050731034221433824,0.025879387454831333,224042.00197938742,10.145019539199998,NA,1,250,896.1680079175497,1,11359.70361906288,8098.912632408321,-3260.7909866545597,0.49876368842168267,0,0.0023532551315367245,Moderate,0,0,0,0,0,0,0,0,0,NA,NA,NA,86,NA,NA
2035,78Sleep,89121.18797335119,252969.48046726114,alt,163848.29249390995,Hydrogen,N/A,FALSE,2025,0,0.5,5,5,0,350,0,0,10.860297031870036,1,0,NCent,>200,0.050731034221433824,0.025879387454831333,224042.00197938742,4.134128166915052,NA,1,250,896.1680079175497,1,7107.067362253793,8098.912632408321,991.8452701545275,0.49876368842168267,0,0.4396317235640549,Moderate,0,0,0,0,0,0,0,0,0,NA,NA,NA,NA,86,NA
2035,78Sleep,1000000,1163848.29249391,alt,163848.29249390995,Diesel,N/A,FALSE,2025,0,0,5,5,0,350,0,0,1,1,0,NCent,>200,0.050731034221433824,0.025879387454831333,224042.00197938742,3.5000631538,NA,1,250,896.1680079175497,1,65346.76300263672,8098.912632408321,-57247.8503702284,0,0,0,Moderate,0,0,0,0,0,0,0,0,0,NA,NA,NA,NA,NA,86
2036,78Sleep,3020.271381726276,166868.56387563623,alt,163848.29249390995,Diesel,N/A,FALSE,2025,0,0.5,5,5,0,350,0,0,8.943638792492921,1,0,NCent,>200,0.050731034221433824,0.025879387454831333,224042.00197938742,3.535600313,NA,1,250,896.1680079175497,1,7380.692492750248,8166.820886010996,786.1283932607485,0.4995444744027997,0,0.999056589609573,Moderate,1,0.9990889488055994,0.9981463979103354,0.503922204400678,0.503922204400678,0.02556449459639117,0.013041197974777858,0.02556449459639117,0.013041197974777858,NA,4,NA,NA,NA,NA
2036,78Sleep,9306.472519638706,173154.76501354866,alt,163848.29249390995,Diesel,N/A,FALSE,2025,0,0.5,5,5,0,350,0,0,9.68885432113599,1,0,NCent,>200,0.050731034221433824,0.025879387454831333,224042.00197938742,3.535600313,NA,1,250,896.1680079175497,1,6813.008587570846,8166.820886010996,1353.8122984401498,0.4995444744027997,0,0.9910784701631367,Moderate,0.9886499600138164,0.9877492492869018,0.9789370148880493,0.4942241935096574,0.4942241935096574,0.02507250447399896,0.012790219393387961,0.02507250447399896,0.012790219393387961,NA,NA,8,NA,NA,NA
2036,78Sleep,234483.1305747961,398331.42306870606,alt,163848.29249390995,Electricity,N/A,TRUE,2025,0,0.5,5,5,0,350,0,0,16.921158157944486,1,520.5296743194275,NCent,>200,0.050731034221433824,0.025879387454831333,224042.00197938742,10.069103147044721,NA,1,250,896.1680079175497,1,11109.868121633779,8166.820886010996,-2943.047235622783,0.4995444744027997,0,0.003382932897798452,Moderate,0,0,0,0,0,0,0,0,0,NA,NA,NA,86,NA,NA
2036,78Sleep,86768.04123942136,250616.3337333313,alt,163848.29249390995,Hydrogen,N/A,FALSE,2025,0,0.5,5,5,0,350,0,0,11.039725067293004,1,0,NCent,>200,0.050731034221433824,0.025879387454831333,224042.00197938742,4.134128166915052,NA,1,250,896.1680079175497,1,6991.556593040355,8166.820886010996,1175.2642929706408,0.4995444744027997,0,0.4588681126475226,Moderate,0,0,0,0,0,0,0,0,0,NA,NA,NA,NA,86,NA
2036,78Sleep,1000000,1163848.29249391,alt,163848.29249390995,Diesel,N/A,FALSE,2025,0,0,5,5,0,350,0,0,1,1,0,NCent,>200,0.050731034221433824,0.025879387454831333,224042.00197938742,3.535600313,NA,1,250,896.1680079175497,1,66010.2476936224,8166.820886010996,-57843.4268076114,0,0,0,Moderate,0,0,0,0,0,0,0,0,0,NA,NA,NA,NA,NA,86
2037,78Sleep,3136.1731780005457,166984.4656719105,alt,163848.29249390995,Diesel,N/A,FALSE,2025,0,0.5,5,5,0,350,0,0,8.992396940980127,1,0,NCent,>200,0.050731034221433824,0.025879387454831333,224042.00197938742,3.5596248174,NA,1,250,896.1680079175497,1,7390.5533346678085,8210.193586241734,819.6402515739255,0.4998323249347668,0,0.9989828318262772,Moderate,1,0.9996646498695336,0.9986478228032907,0.5021568461527196,0.5021568461527197,0.025474936146700898,0.01299551158468236,0.025474936146700905,0.012995511584682363,NA,4,NA,NA,NA,NA
2037,78Sleep,9371.2786483599,173219.57114226985,alt,163848.29249390995,Diesel,N/A,FALSE,2025,0,0.5,5,5,0,350,0,0,9.770951237588983,1,0,NCent,>200,0.050731034221433824,0.025879387454831333,224042.00197938742,3.5596248174,NA,1,250,896.1680079175497,1,6801.670337187787,8210.193586241734,1408.5232490539474,0.4998323249347668,0,0.9909543520485758,Moderate,0.9967272854070297,0.9963930327818291,0.9873800121860329,0.49649097665057096,0.49649097665057107,0.025187500727093217,0.012848882352567741,0.025187500727093224,0.012848882352567745,NA,NA,7,NA,NA,NA
2037,78Sleep,229992.9570890853,393841.24958299525,alt,163848.29249390995,Electricity,N/A,TRUE,2025,0,0.5,5,5,0,350,0,0,17.07199451158718,1,522.3533906438314,NCent,>200,0.050731034221433824,0.025879387454831333,224042.00197938742,10.013076452965333,NA,1,250,896.1680079175497,1,10950.437439966374,8210.193586241734,-2740.24385372464,0.4998323249347668,0,0.0041977028699116126,Moderate,0,0,0,0,0,0,0,0,0,NA,NA,NA,86,NA,NA
2037,78Sleep,85333.22935504472,249181.52184895467,alt,163848.29249390995,Hydrogen,N/A,FALSE,2025,0,0.5,5,5,0,350,0,0,11.149129837468676,1,0,NCent,>200,0.050731034221433824,0.025879387454831333,224042.00197938742,4.134128166915052,NA,1,250,896.1680079175497,1,6922.949477204178,8210.193586241734,1287.244109037556,0.4998323249347668,0,0.4707433015913981,Moderate,0,0,0,0,0,0,0,0,0,NA,NA,NA,NA,86,NA
2037,78Sleep,1000000,1163848.29249391,alt,163848.29249390995,Diesel,N/A,FALSE,2025,0,0,5,5,0,350,0,0,1,1,0,NCent,>200,0.050731034221433824,0.025879387454831333,224042.00197938742,3.5596248174,NA,1,250,896.1680079175497,1,66458.78919881728,8210.193586241734,-58248.59561257555,0,0,0,Moderate,0,0,0,0,0,0,0,0,0,NA,NA,NA,NA,NA,86
2038,78Sleep,3315.745504780716,167164.03799869068,alt,163848.29249390995,Diesel,N/A,FALSE,2025,0,0.5,5,5,0,350,0,0,9.067940327319208,1,0,NCent,>200,0.050731034221433824,0.025879387454831333,224042.00197938742,3.5897074603999997,NA,1,250,896.1680079175497,1,7390.921724578301,8273.529260344325,882.6075357660238,0.49993830271200684,0,0.9988630822602481,Moderate,1,0.9998766054240137,0.9987398279737443,0.5019185720791027,0.5019185720791027,0.02546284825651816,0.012989345197610786,0.02546284825651816,0.012989345197610786,NA,4,NA,NA,NA,NA
2038,78Sleep,9471.685956082214,173319.97844999217,alt,163848.29249390995,Diesel,N/A,FALSE,2025,0,0.5,5,5,0,350,0,0,9.898148009190821,1,0,NCent,>200,0.050731034221433824,0.025879387454831333,224042.00197938742,3.5897074603999997,NA,1,250,896.1680079175497,1,6771.007778438157,8273.529260344325,1502.5214819061675,0.49993830271200684,0,0.9907603799095597,Moderate,0.9967272854070297,0.9966042946662729,0.9873960496030553,0.49621773500189376,0.49621773500189376,0.02517363889566345,0.012841811026072828,0.02517363889566345,0.012841811026072828,NA,NA,7,NA,NA,NA
2038,78Sleep,223036.11149742885,386884.4039913388,alt,163848.29249390995,Electricity,N/A,TRUE,2025,0,0.5,5,5,0,350,0,0,17.305692658271287,1,524.1771069682353,NCent,>200,0.050731034221433824,0.025879387454831333,224042.00197938742,9.932570095649,NA,1,250,896.1680079175497,1,10715.707508179421,8273.529260344325,-2442.178247835096,0.49993830271200684,0,0.005816149307911411,Moderate,0,0,0,0,0,0,0,0,0,NA,NA,NA,86,NA,NA
2038,78Sleep,83110.20506334481,246958.49755725474,alt,163848.29249390995,Hydrogen,N/A,FALSE,2025,0,0.5,5,5,0,350,0,0,11.318636003661346,1,0,NCent,>200,0.050731034221433824,0.025879387454831333,224042.00197938742,4.134128166915052,NA,1,250,896.1680079175497,1,6819.272441892959,8273.529260344325,1454.2568184513657,0.49993830271200684,0,0.48934003076771115,Moderate,0.002454450400935171,0.002454147535068668,0.0012009126303190044,6.035208927477757e-4,6.035208927477756e-4,3.0617239063337704e-5,1.5618751020505393e-5,3.06172390633377e-5,1.561875102050539e-5,NA,NA,NA,NA,71,NA
2038,78Sleep,1000000,1163848.29249391,alt,163848.29249390995,Diesel,N/A,FALSE,2025,0,0,5,5,0,350,0,0,1,1,0,NCent,>200,0.050731034221433824,0.025879387454831333,224042.00197938742,3.5897074603999997,NA,1,250,896.1680079175497,1,67020.4371623632,8273.529260344325,-58746.90790201888,0,0,0,Moderate,0,0,0,0,0,0,0,0,0,NA,NA,NA,NA,NA,86
2039,78Sleep,3584.1033947684814,167432.39588867844,alt,163848.29249390995,Diesel,N/A,FALSE,2025,0,0.5,5,5,0,350,0,0,9.18083446932865,1,0,NCent,>200,0.050731034221433824,0.025879387454831333,224042.00197938742,3.6205475440999995,NA,1,250,896.1680079175497,1,7362.754104321214,8340.92218527338,978.1680809521667,0.4999773010656488,0,0.9986717307174396,Moderate,1,0.9999546021312976,0.9986263931493318,0.4987032839652452,0.49870328396524516,0.025299733365182285,0.012906135510733354,0.02529973336518228,0.012906135510733354,NA,4,NA,NA,NA,NA
2039,78Sleep,9621.73743518734,173470.02992909728,alt,163848.29249390995,Diesel,N/A,FALSE,2025,0,0.5,5,5,0,350,0,0,10.088234409764738,1,0,NCent,>200,0.050731034221433824,0.025879387454831333,224042.00197938742,3.6205475440999995,NA,1,250,896.1680079175497,1,6700.5011902493625,8340.92218527338,1640.4209950240183,0.4999773010656488,0,0.9904667217959524,Moderate,1,0.9999546021312976,0.9904217567177622,0.4946059767438119,0.4946059767438119,0.025091872732316025,0.012800099709628403,0.025091872732316025,0.012800099709628403,NA,NA,6,NA,NA,NA
2039,78Sleep,212639.60755151126,376487.9000454212,alt,163848.29249390995,Electricity,N/A,TRUE,2025,0,0.5,5,5,0,350,0,0,17.654937682060353,1,526.0008232926392,NCent,>200,0.050731034221433824,0.025879387454831333,224042.00197938742,9.749364596268473,NA,1,250,896.1680079175497,1,10309.991844351669,8340.92218527338,-1969.0696590782882,0.4999773010656488,0,0.009293408384956736,Moderate,0,0,0,0,0,0,0,0,0,NA,NA,NA,86,NA,NA
2039,78Sleep,79788.05560407737,243636.3480979873,alt,163848.29249390995,Hydrogen,N/A,FALSE,2025,0,0.5,5,5,0,350,0,0,11.571950742713911,1,0,NCent,>200,0.050731034221433824,0.025879387454831333,224042.00197938742,4.134128166915052,NA,1,250,896.1680079175497,1,6669.995776484225,8340.92218527338,1670.926408789156,0.4999773010656488,0,0.5175222971270772,Moderate,0.020574483454742554,0.020573549417044056,0.01064727055436608,0.005317132440274693,0.005317132440274691,2.697436277874714e-4,1.376041305705216e-4,2.697436277874713e-4,1.3760413057052156e-4,NA,NA,NA,NA,57,NA
2039,78Sleep,1000000,1163848.29249391,alt,163848.29249390995,Diesel,N/A,FALSE,2025,0,0,5,5,0,350,0,0,1,1,0,NCent,>200,0.050731034221433824,0.025879387454831333,224042.00197938742,3.6205475440999995,NA,1,250,896.1680079175497,1,67596.2266701432,8340.92218527338,-59255.30448486981,0,0,0,Moderate,0,0,0,0,0,0,0,0,0,NA,NA,NA,NA,NA,86
2040,78Sleep,3964.265964994326,167812.55845890427,alt,163848.29249390995,Diesel,N/A,FALSE,2025,0,0.5,5,5,0,350,0,0,9.340763164518895,1,0,NCent,>200,0.050731034221433824,0.025879387454831333,224042.00197938742,3.6207084361,NA,1,250,896.1680079175497,1,7237.0136529531455,8341.122451877567,1104.1087989244215,0.499991649289076,0,0.9983752513734302,Moderate,1,0.999983298578152,0.9983585770871944,0.4912534432060093,0.4912534432060092,0.024921795238681255,0.012713338195248293,0.024921795238681252,0.012713338195248291,NA,4,NA,NA,NA,NA
2040,78Sleep,9834.304153331506,173682.59664724144,alt,163848.29249390995,Diesel,N/A,FALSE,2025,0,0.5,5,5,0,350,0,0,10.357515609622332,1,0,NCent,>200,0.050731034221433824,0.025879387454831333,224042.00197938742,3.6207084361,NA,1,250,896.1680079175497,1,6526.587368869044,8341.122451877567,1814.5350830085226,0.499991649289076,0,0.9900429711405994,Moderate,1,0.999983298578152,0.9900264360152907,0.4871535205081013,0.48715352050810123,0.02471380191998845,0.012607234707214275,0.024713801919988447,0.012607234707214273,NA,NA,6,NA,NA,NA
2040,78Sleep,197911.65726980605,361759.94976371597,alt,163848.29249390995,Electricity,N/A,TRUE,2025,0,0.5,5,5,0,350,0,0,18.149687010609217,1,527.8245396170431,NCent,>200,0.050731034221433824,0.025879387454831333,224042.00197938742,9.430268792063863,NA,1,250,896.1680079175497,1,9700.701257927685,8341.122451877567,-1359.5788060501181,0.499991649289076,0,0.017373459490051757,Moderate,0,0,0,0,0,0,0,0,0,NA,NA,NA,86,NA,NA
2040,78Sleep,75081.81470627076,238930.1072001807,alt,163848.29249390995,Hydrogen,N/A,FALSE,2025,0,0.5,5,5,0,350,0,0,11.930802805079965,1,0,NCent,>200,0.050731034221433824,0.025879387454831333,224042.00197938742,4.134128166915052,NA,1,250,896.1680079175497,1,6469.377110710527,8341.122451877567,1871.7453411670404,0.499991649289076,0,0.5580603393980184,Moderate,0.07265827130981284,0.07265705781337295,0.04054702234299235,0.019951613373084,0.019951613373083998,0.001012165980802741,5.163355328310352e-4,0.001012165980802741,5.163355328310351e-4,NA,NA,NA,NA,47,NA
2040,78Sleep,1000000,1163848.29249391,alt,163848.29249390995,Diesel,N/A,FALSE,2025,0,0,5,5,0,350,0,0,1,1,0,NCent,>200,0.050731034221433824,0.025879387454831333,224042.00197938742,3.6207084361,NA,1,250,896.1680079175497,1,67599.23055062507,8341.122451877567,-59258.1080987475,0,0,0,Moderate,0,0,0,0,0,0,0,0,0,NA,NA,NA,NA,NA,86
2041,78Sleep,4463.938084306039,168312.230578216,alt,163848.29249390995,Diesel,N/A,FALSE,2025,0,0.5,5,5,0,350,0,0,9.550967735729031,1,0,NCent,>200,0.050731034221433824,0.025879387454831333,224042.00197938742,3.6438585757,NA,1,250,896.1680079175497,1,7122.989984002849,8394.422549347864,1271.432565345015,0.4999969279126989,0,0.9979403077106486,Moderate,1,0.9999938558253978,0.9979341761911554,0.46870771858467003,0.46870771858467,0.02377802731136907,0.012129868652322724,0.023778027311369066,0.012129868652322722,NA,4,NA,NA,NA,NA
2041,78Sleep,10113.694263954798,173961.98675786474,alt,163848.29249390995,Diesel,N/A,FALSE,2025,0,0.5,5,5,0,350,0,0,10.711449211617168,1,0,NCent,>200,0.050731034221433824,0.025879387454831333,224042.00197938742,3.6438585757,NA,1,250,896.1680079175497,1,6351.283208750907,8394.422549347864,2043.1393405969575,0.4999969279126989,0,0.9894722120415196,Moderate,1,0.9999938558253978,0.9894661325514847,0.4647304648640146,0.4647304648640146,0.023576257116759175,0.012026939762279712,0.023576257116759175,0.012026939762279712,NA,NA,6,NA,NA,NA
2041,78Sleep,178553.76486602385,342402.0573599338,alt,163848.29249390995,Electricity,N/A,TRUE,2025,0,0.5,5,5,0,350,0,0,18.799967876969088,1,529.648255941447,NCent,>200,0.050731034221433824,0.025879387454831333,224042.00197938742,8.945661668547308,NA,1,250,896.1680079175497,1,8883.897933441229,8394.422549347864,-489.4753840933645,0.4999969279126989,0,0.03692866063112277,Moderate,0,0,0,0,0,0,0,0,0,NA,NA,NA,86,NA,NA
2041,78Sleep,68896.09957392229,232744.39206783223,alt,163848.29249390995,Hydrogen,N/A,FALSE,2025,0,0.5,5,5,0,350,0,0,12.40246515315201,1,0,NCent,>200,0.050731034221433824,0.025879387454831333,224042.00197938742,4.134128166915052,NA,1,250,896.1680079175497,1,6223.348473587062,8394.422549347864,2171.0740757608028,0.4999969279126989,0,0.6119300413849598,Moderate,0.22440545846436388,0.22440407967804538,0.1373195977643401,0.06449599274247088,0.06449599274247085,0.003271948414963638,0.0016691167854663935,0.003271948414963636,0.0016691167854663929,NA,NA,NA,NA,36,NA
2041,78Sleep,1000000,1163848.29249391,alt,163848.29249390995,Diesel,N/A,FALSE,2025,0,0,5,5,0,350,0,0,1,1,0,NCent,>200,0.050731034221433824,0.025879387454831333,224042.00197938742,3.6438585757,NA,1,250,896.1680079175497,1,68031.44751913227,8394.422549347864,-59637.024969784405,0,0,0,Moderate,0,0,0,0,0,0,0,0,0,NA,NA,NA,NA,NA,86
2042,78Sleep,5059.759976263551,168908.0524701735,alt,163848.29249390995,Diesel,N/A,FALSE,2025,0,0.5,5,5,0,350,0,0,9.801621075141009,1,0,NCent,>200,0.050731034221433824,0.025879387454831333,224042.00197938742,3.6971650080000003,NA,1,250,896.1680079175497,1,7042.374620912231,8517.2026469092,1474.8280259969688,0.499998869837851,0,0.9973545570184216,Moderate,1,0.999997739675702,0.9973523026736827,0.43360894923069726,0.43360894923069726,0.021997430442142463,0.011221534001023502,0.021997430442142463,0.011221534001023502,NA,4,NA,NA,NA,NA
2042,78Sleep,10446.846220752168,174295.1387146621,alt,163848.29249390995,Diesel,N/A,FALSE,2025,0,0.5,5,5,0,350,0,0,11.133488745578724,1,0,NCent,>200,0.050731034221433824,0.025879387454831333,224042.00197938742,3.6971650080000003,NA,1,250,896.1680079175497,1,6199.9153258032475,8517.2026469092,2317.2873211059523,0.499998869837851,0,0.9887711761329612,Moderate,1,0.999997739675702,0.9887689411894467,0.42987724645719444,0.42987724645719444,0.021808117301035674,0.011124959819081754,0.021808117301035674,0.011124959819081754,NA,NA,5,NA,NA,NA
2042,78Sleep,155470.91587252976,319319.2083664397,alt,163848.29249390995,Electricity,N/A,TRUE,2025,0,0.5,5,5,0,350,0,0,19.575379514168326,1,531.4719722658509,NCent,>200,0.050731034221433824,0.025879387454831333,224042.00197938742,8.28091048336302,NA,1,250,896.1680079175497,1,7897.981243743506,8517.2026469092,619.221403165694,0.499998869837851,0,0.08200376606474669,Moderate,0,0,0,0,0,0,0,0,0,NA,NA,NA,86,NA,NA
2042,78Sleep,61520.09368761653,225368.38618152647,alt,163848.29249390995,Hydrogen,N/A,FALSE,2025,0,0.5,5,5,0,350,0,0,12.964887473173619,1,0,NCent,>200,0.050731034221433824,0.025879387454831333,224042.00197938742,4.134128166915052,NA,1,250,896.1680079175497,1,5953.376976027971,8517.2026469092,2563.8256708812287,0.499998869837851,0,0.6759714308515815,Moderate,0.4555055067341879,0.45550447714402315,0.30790801317434685,0.13386610698579102,0.13386610698579102,0.0067911660545862855,0.0034643728497551892,0.0067911660545862855,0.0034643728497551892,NA,NA,NA,NA,27,NA
2042,78Sleep,1000000,1163848.29249391,alt,163848.29249390995,Diesel,N/A,FALSE,2025,0,0,5,5,0,350,0,0,1,1,0,NCent,>200,0.050731034221433824,0.025879387454831333,224042.00197938742,3.6971650080000003,NA,1,250,896.1680079175497,1,69026.68750337149,8517.2026469092,-60509.48485646229,0,0,0,Moderate,0,0,0,0,0,0,0,0,0,NA,NA,NA,NA,NA,86
2043,78Sleep,5693.015093426056,169541.307587336,alt,163848.29249390995,Diesel,N/A,FALSE,2025,0,0.5,5,5,0,350,0,0,10.06802201132518,1,0,NCent,>200,0.050731034221433824,0.025879387454831333,224042.00197938742,3.7195882209,NA,1,250,896.1680079175497,1,6897.614303087399,8568.841391206703,1671.2270881193035,0.4999995842359861,0,0.9966521165522209,Moderate,1,0.9999991684719722,0.996651287808052,0.39848836200671883,0.3984883620067189,0.020215726729805962,0.010312634716612966,0.020215726729805965,0.010312634716612968,NA,4,NA,NA,NA,NA
2043,78Sleep,10800.928848937441,174649.2213428474,alt,163848.29249390995,Diesel,N/A,FALSE,2025,0,0.5,5,5,0,350,0,0,11.582043419607206,1,0,NCent,>200,0.050731034221433824,0.025879387454831333,224042.00197938742,3.7195882209,NA,1,250,896.1680079175497,1,5995.948220289999,8568.841391206703,2572.8931709167036,0.4999995842359861,0,0.9880017649221504,Moderate,1,0.9999991684719722,0.9880009433709914,0.39502971841925166,0.3950297184192517,0.020040266163610425,0.010223127139144736,0.020040266163610425,0.010223127139144736,NA,NA,5,NA,NA,NA
2043,78Sleep,130937.8591971601,294786.15169107006,alt,163848.29249390995,Electricity,N/A,TRUE,2025,0,0.5,5,5,0,350,0,0,20.39950731778181,1,533.2956885902548,NCent,>200,0.050731034221433824,0.025879387454831333,224042.00197938742,7.450342955049495,NA,1,250,896.1680079175497,1,6818.750264731954,8568.841391206703,1750.0911264747483,0.4999995842359861,0,0.16965959007347653,Moderate,0,0,0,0,0,0,0,0,0,NA,NA,NA,86,NA,NA
2043,78Sleep,53680.68138207308,217528.97387598304,alt,163848.29249390995,Hydrogen,N/A,FALSE,2025,0,0.5,5,5,0,350,0,0,13.562644650221907,1,0,NCent,>200,0.050731034221433824,0.025879387454831333,224042.00197938742,4.134128166915052,NA,1,250,896.1680079175497,1,5690.989078470208,8568.841391206703,2877.8523127364942,0.4999995842359861,0,0.7421824182873573,Moderate,0.6845390298813177,0.6845384606679282,0.508052410149228,0.20313320738208143,0.20313320738208143,0.010305157695209987,0.00525696297878349,0.010305157695209987,0.00525696297878349,NA,NA,NA,NA,20,NA
2043,78Sleep,1000000,1163848.29249391,alt,163848.29249390995,Diesel,N/A,FALSE,2025,0,0,5,5,0,350,0,0,1,1,0,NCent,>200,0.050731034221433824,0.025879387454831333,224042.00197938742,3.7195882209,NA,1,250,896.1680079175497,1,69445.33262911532,8568.841391206703,-60876.491237908616,0,0,0,Moderate,0,0,0,0,0,0,0,0,0,NA,NA,NA,NA,NA,86
2044,78Sleep,6288.836985383568,170137.1294792935,alt,163848.29249390995,Diesel,N/A,FALSE,2025,0,0.5,5,5,0,350,0,0,10.318675350737157,1,0,NCent,>200,0.050731034221433824,0.025879387454831333,224042.00197938742,3.748680962,NA,1,250,896.1680079175497,1,6782.701905050381,8635.842595873522,1853.140690823141,0.4999998470488865,0,0.9959161852574563,Moderate,1,0.999999694097773,0.9959158806044773,0.3764794410266399,0.3764794410266399,0.019099191406388744,0.009743057323106737,0.019099191406388744,0.009743057323106737,NA,4,NA,NA,NA,NA
2044,78Sleep,11134.080805734813,174982.37329964477,alt,163848.29249390995,Diesel,N/A,FALSE,2025,0,0.5,5,5,0,350,0,0,12.004082953568762,1,0,NCent,>200,0.050731034221433824,0.025879387454831333,224042.00197938742,3.748680962,NA,1,250,896.1680079175497,1,5830.391145225637,8635.842595873522,2805.4514506478854,0.4999998470488865,0,0.9872549940015487,Moderate,1,0.999999694097773,0.9872546919980474,0.3732053096379569,0.37320530963795684,0.018933091334863997,0.009658324808320984,0.018933091334863993,0.009658324808320982,NA,NA,5,NA,NA,NA
2044,78Sleep,107855.010203666,271703.30269757594,alt,163848.29249390995,Electricity,N/A,TRUE,2025,0,0.5,5,5,0,350,0,0,21.17491895498105,1,535.1194049146587,NCent,>200,0.050731034221433824,0.025879387454831333,224042.00197938742,6.604116979035536,NA,1,250,896.1680079175497,1,5822.925038638437,8635.842595873522,2812.917557235085,0.4999998470488865,0,0.30010177417794137,Moderate,0,0,0,0,0,0,0,0,0,NA,NA,NA,86,NA,NA
2044,78Sleep,46304.67549576735,210152.9679896773,alt,163848.29249390995,Hydrogen,N/A,FALSE,2025,0,0.5,5,5,0,350,0,0,14.125066970243514,1,0,NCent,>200,0.050731034221433824,0.025879387454831333,224042.00197938742,4.134128166915052,NA,1,250,896.1680079175497,1,5464.389141813366,8635.842595873522,3171.453454060156,0.4999998470488865,0,0.8010339080467798,Moderate,0.8131554612767673,0.8131552125307008,0.6513648977420771,0.24623112993988058,0.24623112993988056,0.0124915598793624,0.006372310815155089,0.0124915598793624,0.006372310815155088,NA,NA,NA,NA,16,NA
2044,78Sleep,1000000,1163848.29249391,alt,163848.29249390995,Diesel,N/A,FALSE,2025,0,0,5,5,0,350,0,0,1,1,0,NCent,>200,0.050731034221433824,0.025879387454831333,224042.00197938742,3.748680962,NA,1,250,896.1680079175497,1,69988.49895904132,8635.842595873522,-61352.65636316779,0,0,0,Moderate,0,0,0,0,0,0,0,0,0,NA,NA,NA,NA,NA,86
2045,78Sleep,6788.509104695286,170636.80159860523,alt,163848.29249390995,Diesel,N/A,FALSE,2025,0,0.5,5,5,0,350,0,0,10.528879921947295,1,0,NCent,>200,0.050731034221433824,0.025879387454831333,224042.00197938742,3.800162241,NA,1,250,896.1680079175497,1,6738.576520260503,8754.42850334019,2015.8519830796877,0.49999994373241896,0,0.9952430623395929,Moderate,1,0.9999998874648379,0.9952429503397536,0.36134936591135614,0.3613493659113561,0.01833162704794242,0.009351500246977607,0.018331627047942417,0.009351500246977605,NA,4,NA,NA,NA,NA
2045,78Sleep,11413.470916358103,175261.76341026806,alt,163848.29249390995,Diesel,N/A,FALSE,2025,0,0.5,5,5,0,350,0,0,12.358016555563596,1,0,NCent,>200,0.050731034221433824,0.025879387454831333,224042.00197938742,3.800162241,NA,1,250,896.1680079175497,1,5741.185303294859,8754.42850334019,3013.243200045331,0.49999994373241896,0,0.9866116964651143,Moderate,1,0.9999998874648379,0.9866115854366071,0.3582155198151474,0.3582155198151473,0.018172643794390948,0.00927039822963001,0.018172643794390944,0.009270398229630009,NA,NA,4,NA,NA,NA
2045,78Sleep,88497.11779988371,252345.41029379366,alt,163848.29249390995,Electricity,N/A,TRUE,2025,0,0.5,5,5,0,350,0,0,21.825199821340924,1,536.9431212390626,NCent,>200,0.050731034221433824,0.025879387454831333,224042.00197938742,5.857205761484339,NA,1,250,896.1680079175497,1,5010.492899454888,8754.42850334019,3743.935603885302,0.49999994373241896,0,0.44470299349766096,Moderate,0,0,0,0,0,0,0,0,0,NA,NA,NA,86,NA,NA
2045,78Sleep,40118.96036341886,203967.2528573288,alt,163848.29249390995,Hydrogen,N/A,FALSE,2025,0,0.5,5,5,0,350,0,0,14.59672931831556,1,0,NCent,>200,0.050731034221433824,0.025879387454831333,224042.00197938742,4.134128166915052,NA,1,250,896.1680079175497,1,5287.818996734831,8754.42850334019,3466.6095066053595,0.49999994373241896,0,0.8465907577973011,Moderate,0.8968721742495617,0.8968720733199061,0.7592836081991359,0.2756780646132502,0.2756780646132501,0.013985433329993439,0.007134379446924328,0.013985433329993437,0.007134379446924326,NA,NA,NA,NA,13,NA
2045,78Sleep,1000000,1163848.29249391,alt,163848.29249390995,Diesel,N/A,FALSE,2025,0,0,5,5,0,350,0,0,1,1,0,NCent,>200,0.050731034221433824,0.025879387454831333,224042.00197938742,3.800162241,NA,1,250,896.1680079175497,1,70949.66302667628,8754.42850334019,-62195.23452333609,0,0,0,Moderate,0,0,0,0,0,0,0,0,0,NA,NA,NA,NA,NA,86
2046,78Sleep,7168.6716749211255,171016.96416883107,alt,163848.29249390995,Diesel,N/A,FALSE,2025,0,0.5,5,5,0,350,0,0,10.68880861713754,1,0,NCent,>200,0.050731034221433824,0.025879387454831333,224042.00197938742,3.8024309569000003,NA,1,250,896.1680079175497,1,6641.714981892385,8759.652539285584,2117.9375573931984,0.4999999793003122,0,0.9946968133248785,Moderate,1,0.9999999586006244,0.9946967721450515,0.352299539000347,0.352299539000347,0.017872519969221963,0.0091172962699484425,0.017872519969221963,0.0091172962699484425,NA,4,NA,NA,NA,NA
2046,78Sleep,11626.037634502272,175474.33012841223,alt,163848.29249390995,Diesel,N/A,FALSE,2025,0,0.5,5,5,0,350,0,0,12.627297755421194,1,0,NCent,>200,0.050731034221433824,0.025879387454831333,224042.00197938742,3.8024309569000003,NA,1,250,896.1680079175497,1,5622.107097343474,8759.652539285584,3137.5454419421094,0.4999999793003122,0,0.9861118710146709,Moderate,1,0.9999999586006244,0.9861118301902552,0.3492589429335705,0.3492589429335705,0.01771826738610477,0.009038607506242698,0.01771826738610477,0.009038607506242698,NA,NA,4,NA,NA,NA
2046,78Sleep,73769.16751817858,237617.46001208853,alt,163848.29249390995,Electricity,N/A,TRUE,2025,0,0.5,5,5,0,350,0,0,22.319949149889784,1,538.7668375634665,NCent,>200,0.050731034221433824,0.025879387454831333,224042.00197938742,5.30615958478337,NA,1,250,896.1680079175497,1,4438.490608459606,8759.652539285584,4321.161930825978,0.4999999793003122,0,0.5694573765467206,Moderate,0,0,0,0,0,0,0,0,0,NA,NA,NA,86,NA,NA
2046,78Sleep,35412.71946561229,199261.01195952223,alt,163848.29249390995,Hydrogen,N/A,FALSE,2025,0,0.5,5,5,0,350,0,0,14.955581380681611,1,0,NCent,>200,0.050731034221433824,0.025879387454831333,224042.00197938742,4.134128166915052,NA,1,250,896.1680079175497,1,5160.940294790969,8759.652539285584,3598.7122444946144,0.4999999793003122,0,0.8783084609976547,Moderate,0.9423324261565089,0.9423323871445348,0.8276585087011625,0.2931382902111339,0.2931382902111339,0.014871208632313634,0.007586239390220725,0.014871208632313634,0.007586239390220725,NA,NA,NA,NA,11,NA
2046,78Sleep,1000000,1163848.29249391,alt,163848.29249390995,Diesel,N/A,FALSE,2025,0,0,5,5,0,350,0,0,1,1,0,NCent,>200,0.050731034221433824,0.025879387454831333,224042.00197938742,3.8024309569000003,NA,1,250,896.1680079175497,1,70992.02033102282,8759.652539285584,-62232.36779173724,0,0,0,Moderate,0,0,0,0,0,0,0,0,0,NA,NA,NA,NA,NA,86
2047,78Sleep,7437.029564908895,171285.32205881883,alt,163848.29249390995,Diesel,N/A,FALSE,2025,0,0.5,5,5,0,350,0,0,10.801702759146982,1,0,NCent,>200,0.050731034221433824,0.025879387454831333,224042.00197938742,3.8379313606,NA,1,250,896.1680079175497,1,6633.659561684713,8841.436221667427,2207.7766599827146,0.49999999238501025,0,0.9942934902168491,Moderate,1,0.9999999847700205,0.9942934750737796,0.3459209667852255,0.34592096678522555,0.017548928403892747,0.00895222272818469,0.01754892840389275,0.008952222728184692,NA,4,NA,NA,NA,NA
2047,78Sleep,11776.089113607397,175624.38160751734,alt,163848.29249390995,Diesel,N/A,FALSE,2025,0,0.5,5,5,0,350,0,0,12.81738415599511,1,0,NCent,>200,0.050731034221433824,0.025879387454831333,224042.00197938742,3.8379313606,NA,1,250,896.1680079175497,1,5590.440133385267,8841.436221667427,3250.9960882821606,0.49999999238501025,0,0.9857536454637282,Moderate,1,0.9999999847700205,0.9857536304507204,0.3429499010161526,0.34294990101615264,0.01739820316468778,0.008875333365993067,0.017398203164687782,0.008875333365993068,NA,NA,4,NA,NA,NA
2047,78Sleep,63372.66357226099,227220.95606617094,alt,163848.29249390995,Electricity,N/A,TRUE,2025,0,0.5,5,5,0,350,0,0,22.66919417367885,1,540.5905538878704,NCent,>200,0.050731034221433824,0.025879387454831333,224042.00197938742,4.975776188054705,NA,1,250,896.1680079175497,1,4098.009432361124,8841.436221667427,4743.426789306303,0.49999999238501025,0,0.6599807960753532,Moderate,0,0,0,0,0,0,0,0,0,NA,NA,NA,86,NA,NA
2047,78Sleep,32090.570006344853,195938.8625002548,alt,163848.29249390995,Hydrogen,N/A,FALSE,2025,0,0.5,5,5,0,350,0,0,15.208896119734176,1,0,NCent,>200,0.050731034221433824,0.025879387454831333,224042.00197938742,4.134128166915052,NA,1,250,896.1680079175497,1,5074.98124597187,8841.436221667427,3766.4549756955576,0.49999999238501025,0,0.8989267773107087,Moderate,0.976595171704321,0.9765951568307966,0.8778875370671541,0.30542260727240156,0.3054226072724016,0.015494404741535746,0.007904149991067266,0.01549440474153575,0.007904149991067267,NA,NA,NA,NA,9,NA
2047,78Sleep,1000000,1163848.29249391,alt,163848.29249390995,Diesel,N/A,FALSE,2025,0,0,5,5,0,350,0,0,1,1,0,NCent,>200,0.050731034221433824,0.025879387454831333,224042.00197938742,3.8379313606,NA,1,250,896.1680079175497,1,71654.81879069151,8841.436221667427,-62813.382569024085,0,0,0,Moderate,0,0,0,0,0,0,0,0,0,NA,NA,NA,NA,NA,86
2048,78Sleep,7616.601891689065,171464.894385599,alt,163848.29249390995,Diesel,N/A,FALSE,2025,0,0.5,5,5,0,350,0,0,10.877246145486064,1,0,NCent,>200,0.050731034221433824,0.025879387454831333,224042.00197938742,3.8705042234000002,NA,1,250,896.1680079175497,1,6643.497683771657,8916.480097347116,2272.982413575459,0.4999999971986018,0,0.9940154240116486,Moderate,1,0.9999999943972036,0.9940154184423825,0.34295878515879263,0.34295878515879263,0.01739865386643208,0.008875563282162652,0.01739865386643208,0.008875563282162652,NA,4,NA,NA,NA,NA
2048,78Sleep,11876.496421329713,175724.78891523965,alt,163848.29249390995,Diesel,N/A,FALSE,2025,0,0.5,5,5,0,350,0,0,12.944580927596949,1,0,NCent,>200,0.050731034221433824,0.025879387454831333,224042.00197938742,3.8705042234000002,NA,1,250,896.1680079175497,1,5582.4873727114045,8916.480097347116,3333.992724635711,0.4999999971986018,0,0.9855114463013205,Moderate,1,0.9999999943972036,0.9855114407797004,0.34002471211113194,0.34002471211113194,0.017249805306243017,0.008799631268941463,0.017249805306243017,0.008799631268941463,NA,NA,4,NA,NA,NA
2048,78Sleep,56415.81798060445,220264.1104745144,alt,163848.29249390995,Electricity,N/A,TRUE,2025,0,0.5,5,5,0,350,0,0,22.90289232036296,1,542.4142702122743,NCent,>200,0.050731034221433824,0.025879387454831333,224042.00197938742,4.812644533797186,NA,1,250,896.1680079175497,1,3923.2108805475295,8916.480097347116,4993.2692167995865,0.4999999971986018,0,0.7194142234686012,Moderate,0,0,0,0,0,0,0,0,0,NA,NA,NA,86,NA,NA
2048,78Sleep,29867.545714644868,193715.8382085548,alt,163848.29249390995,Hydrogen,N/A,FALSE,2025,0,0.5,5,5,0,350,0,0,15.378402285926851,1,0,NCent,>200,0.050731034221433824,0.025879387454831333,224042.00197938742,4.134128166915052,NA,1,250,896.1680079175497,1,5019.043015295484,8916.480097347116,3897.4370820516315,0.4999999971986018,0,0.9118294209876825,Moderate,0.9886499600138164,0.9886499544746119,0.901480115548084,0.3110319211724579,0.311031921172458,0.01577897103695827,0.008049315598842595,0.015778971036958273,0.008049315598842597,NA,NA,NA,NA,8,NA
2048,78Sleep,1000000,1163848.29249391,alt,163848.29249390995,Diesel,N/A,FALSE,2025,0,0,5,5,0,350,0,0,1,1,0,NCent,>200,0.050731034221433824,0.025879387454831333,224042.00197938742,3.8705042234000002,NA,1,250,896.1680079175497,1,72262.95957335085,8916.480097347116,-63346.47947600373,0,0,0,Moderate,0,0,0,0,0,0,0,0,0,NA,NA,NA,NA,NA,86
2049,78Sleep,7732.503687963334,171580.79618187327,alt,163848.29249390995,Diesel,N/A,FALSE,2025,0,0.5,5,5,0,350,0,0,10.92600429397327,1,0,NCent,>200,0.050731034221433824,0.025879387454831333,224042.00197938742,3.8942058342,NA,1,250,896.1680079175497,1,6654.351457766574,8971.085887709769,2316.734429943195,0.49999999896942315,0,0.9938324707935204,Moderate,1,0.9999999979388463,0.993832468745079,0.34194285467827484,0.34194285467827473,0.017347114662458335,0.00884927162363016,0.017347114662458328,0.008849271623630157,NA,4,NA,NA,NA,NA
2049,78Sleep,11941.302550050905,175789.59504396084,alt,163848.29249390995,Diesel,N/A,FALSE,2025,0,0.5,5,5,0,350,0,0,13.02667784404994,1,0,NCent,>200,0.050731034221433824,0.025879387454831333,224042.00197938742,3.8942058342,NA,1,250,896.1680079175497,1,5581.275093432497,8971.085887709769,3389.810794277272,0.49999999896942315,0,0.985354063106628,Moderate,1,0.9999999979388463,0.9853540610756618,0.33902573231330774,0.3390257323133077,0.017199126027933078,0.008773778283694023,0.017199126027933075,0.00877377828369402,NA,NA,4,NA,NA,NA
2049,78Sleep,51925.64449489364,215773.9369888036,alt,163848.29249390995,Electricity,N/A,TRUE,2025,0,0.5,5,5,0,350,0,0,23.053728674005654,1,544.2379865366782,NCent,>200,0.050731034221433824,0.025879387454831333,224042.00197938742,4.7309044396005095,NA,1,250,896.1680079175497,1,3831.3444389308615,8971.085887709769,5139.741448778907,0.49999999896942315,0,0.756552905069002,Moderate,0,0,0,0,0,0,0,0,0,NA,NA,NA,86,NA,NA
2049,78Sleep,28432.733830268277,192281.0263241782,alt,163848.29249390995,Hydrogen,N/A,FALSE,2025,0,0.5,5,5,0,350,0,0,15.48780705610252,1,0,NCent,>200,0.050731034221433824,0.025879387454831333,224042.00197938742,4.134128166915052,NA,1,250,896.1680079175497,1,4983.588851539368,8971.085887709769,3987.497036170401,0.49999999896942315,0,0.9197557789323694,Moderate,0.9886499600138164,0.9886499579760569,0.9093165121897225,0.31286388175349655,0.31286388175349655,0.015871908291887258,0.008096725616521272,0.015871908291887258,0.008096725616521272,NA,NA,NA,NA,8,NA
2049,78Sleep,1000000,1163848.29249391,alt,163848.29249390995,Diesel,N/A,FALSE,2025,0,0,5,5,0,350,0,0,1,1,0,NCent,>200,0.050731034221433824,0.025879387454831333,224042.00197938742,3.8942058342,NA,1,250,896.1680079175497,1,72705.47260116487,8971.085887709769,-63734.386713455104,0,0,0,Moderate,0,0,0,0,0,0,0,0,0,NA,NA,NA,NA,NA,86
2050,78Sleep,7922.587096338422,171770.87959024837,alt,163848.29249390995,Diesel,N/A,FALSE,2025,0,0.5,5,5,0,350,0,0,11.00596953479296,1,0,NCent,>200,0.050731034221433824,0.025879387454831333,224042.00197938742,3.9160477553999997,NA,1,250,896.1680079175497,1,6643.055360344248,9021.41941403089,2378.3640536866424,0.49999999962087194,0,0.9935265142230302,Moderate,1,0.9999999992417439,0.9935265134696826,0.33948610941653234,0.33948610941653234,0.01722248143451153,0.008785692561123704,0.01722248143451153,0.008785692561123704,NA,4,NA,NA,NA,NA
2050,78Sleep,12047.587096338422,175895.87959024837,alt,163848.29249390995,Diesel,N/A,FALSE,2025,0,0.5,5,5,0,350,0,0,13.16131994795264,1,0,NCent,>200,0.050731034221433824,0.025879387454831333,224042.00197938742,3.9160477553999997,NA,1,250,896.1680079175497,1,5555.162035648657,9021.41941403089,3466.2573783822327,0.49999999962087194,0,0.9850941495356311,Moderate,1,0.9999999992417439,0.9850941487886774,0.33660478653292,0.3366047865329199,0.01707630894469999,0.008711125689836228,0.017076308944699987,0.008711125689836226,NA,NA,4,NA,NA,NA
2050,78Sleep,44561.58709633842,208409.87959024837,alt,163848.29249390995,Electricity,N/A,TRUE,2025,0,0.5,5,5,0,350,0,0,23.30110610152564,1,546.0617028610824,NCent,>200,0.050731034221433824,0.025879387454831333,224042.00197938742,4.687279487853112,NA,1,250,896.1680079175497,1,3755.713983848069,9021.41941403089,5265.705430182821,0.49999999962087194,0,0.8142697077744361,Moderate,0,0,0,0,0,0,0,0,0,NA,NA,NA,86,NA,NA
2050,78Sleep,26079.587096338422,189927.87959024837,alt,163848.29249390995,Hydrogen,N/A,FALSE,2025,0,0.5,5,5,0,350,0,0,15.66723509152549,1,0,NCent,>200,0.050731034221433824,0.025879387454831333,224042.00197938742,4.134128166915052,NA,1,250,896.1680079175497,1,4926.51461018384,9021.41941403089,4094.90480384705,0.49999999962087194,0,0.9320447401032165,Moderate,0.9967272854070297,0.9967272846512552,0.9289944229765638,0.31743561752023025,0.31743561752023025,0.016103837175520778,0.008215039337769684,0.016103837175520778,0.008215039337769684,NA,NA,NA,NA,7,NA
2050,78Sleep,1000000,1163848.29249391,alt,163848.29249390995,Diesel,N/A,FALSE,2025,0,0,5,5,0,350,0,0,1,1,0,NCent,>200,0.050731034221433824,0.025879387454831333,224042.00197938742,3.9160477553999997,NA,1,250,896.1680079175497,1,73113.26491389186,9021.41941403089,-64091.845499860974,0,0,0,Moderate,0,0,0,0,0,0,0,0,0,NA,NA,NA,NA,NA,86
