yr,cls,inc_cost,tot_cost,tech_type,base_cost,fuel_1,fuel_2,range_limited,intro_yr,intro,final,incr_cost,fuel_mo,cost,interval_k_miles,monthly_mi_dep_savings,subsidy,f1_mpgde,f2_mpgde,CD_range,flt,cohort,VMTShr,TruckShr,VMT,price_dge_f1,price_dge_f2,fuel_avail_pref_factor_multiplier,OPDAYS,VMTperday,fuel1_vmtshr,monthly_fuel_cost,base_monthly_fuel_cost,monthly_savings,pref_factor,indifference_calc,inc_cost_adj,adoption_curve,cumulative_proportion_willing_to_adopt,indiv_tech_adoption_rate,adj_indiv_tech_adoption_rate,final_mkt_shr,tech_shr_of_vmt,tech_shr_of_trk,conventional_diesel_ice,adv_conv,hev,bev,fcev,na
2021,78Sleep,163300,163300,base,163300,Diesel,N/A,FALSE,NA,NA,NA,NA,NA,0,350,0,NA,6.488893949405459,1,0,NCent,>200,0.050731034221433824,0.025879387454831333,224042.00197938742,2.975979101,NA,1,250,896.1680079175497,1,8562.634362079889,8562.634362079889,0,NA,NA,0.062176524022116264,Moderate,0,0,0,0.982013790039782,0.04981857518842811,0.025413915358426905,NA,NA,NA,NA,NA,NA
2021,78Sleep,1,163301,alt,163300,Diesel,N/A,FALSE,2021,0,0.5,5000,100,0,350,0,0,6.502215484834524,1,0,NCent,>200,0.050731034221433824,0.025879387454831333,224042.00197938742,2.975979101,NA,1,250,896.1680079175497,1,8545.091504989621,8562.634362079889,17.542857090267717,0.00899310498104578,0.00899310498104578,0.9999999998958342,Moderate,1,0.01798620996209156,0.017986209960218012,0.006974479907890744,3.5382257888390793e-4,1.804952678322409e-4,NA,1,NA,NA,NA,NA
2021,78Sleep,9691,172991,alt,163300,Diesel,N/A,FALSE,2021,0,0.5,5000,100,0,350,0,0,6.9282427260624955,1,0,NCent,>200,0.050731034221433824,0.025879387454831333,224042.00197938742,2.975979101,NA,1,250,896.1680079175497,1,8019.641992919731,8562.634362079889,542.992369160158,0.00899310498104578,0,0.9902649150664405,Moderate,0.7177177698896199,0.012909022502758818,0.012783352072285231,0.004956977172002621,2.5147257854773124e-4,1.2828353283900993e-4,NA,NA,19,NA,NA,NA
2021,78Sleep,803302,966602,alt,163300,Electricity,N/A,TRUE,2021,0,0.5,5000,100,0,350,0,0,13.466656528420819,1,477.7395036303814,NCent,>200,0.050731034221433824,0.025879387454831333,224042.00197938742,9.4237110214,NA,0.06058693718652426,250,896.1680079175497,1,13065.028915763463,8562.634362079889,-4502.3945536835745,5.448646865984391e-4,0,0,Moderate,0,0,0,0,0,0,NA,NA,NA,86,NA,NA
2021,78Sleep,1,163301,alt,163300,Hydrogen,N/A,FALSE,2021,0,0.5,5000,100,0,350,0,0,8.646587565444984,1,0,NCent,>200,0.050731034221433824,0.025879387454831333,224042.00197938742,1.0648565759602588,NA,0.9317347591029426,250,896.1680079175497,1,2299.2943487177713,8562.634362079889,6263.340013362118,0.008379188503102162,0.008379188503102162,0.9999999998958342,Moderate,1,0.016758377006204323,0.016758377004458674,0.006054752880324649,3.071638755740748e-4,1.566932957331776e-4,NA,NA,NA,NA,1,NA
2021,78Sleep,1000000,1163300,alt,163300,Diesel,N/A,FALSE,2020,0,0,5000,100,0,350,0,0,1,1,0,NCent,>200,0.050731034221433824,0.025879387454831333,224042.00197938742,2.975979101,NA,1,250,896.1680079175497,1,55562.02630307146,8562.634362079889,-46999.391940991576,0,0,0,Moderate,0,0,0,0,0,0,NA,NA,NA,NA,NA,86
2022,78Sleep,163300,163300,base,163300,Diesel,N/A,FALSE,NA,NA,NA,NA,NA,0,350,0,NA,6.618661358461285,1,0,NCent,>200,0.050731034221433824,0.025879387454831333,224042.00197938742,3.0226090701,NA,1,250,896.1680079175497,1,8526.28840624671,8526.28840624671,0,NA,NA,0.062176524022116264,Moderate,0,0,0,0.9525744539678545,0.04832508722270686,0.0246520433738085,NA,NA,NA,NA,NA,NA
2022,78Sleep,257.33623308312247,163557.33623308313,alt,163300,Diesel,N/A,FALSE,2021,0,0.5,5000,100,0,350,0,0,6.668444379597659,1,0,NCent,>200,0.050731034221433824,0.025879387454831333,224042.00197938742,3.0226090701,NA,1,250,896.1680079175497,1,8462.635720285698,8526.28840624671,63.65268596101123,0.02371293658878339,0.02371293648062207,0.9999931019631402,Moderate,1,0.04742587317756678,0.047425546032145494,0.017943304832220827,9.102824114890136e-4,4.643617379731901e-4,NA,5,NA,NA,NA,NA
2022,78Sleep,9515.502899749787,172815.5028997498,alt,163300,Diesel,N/A,FALSE,2021,0,0.5,5000,100,0,350,0,0,7.116335003402794,1,0,NCent,>200,0.050731034221433824,0.025879387454831333,224042.00197938742,3.0226090701,NA,1,250,896.1680079175497,1,7930.01110523006,8526.28840624671,596.2773010166493,0.02371293658878339,0,0.9906126681647868,Moderate,0.7822800694069151,0.03710031536103049,0.03675204238954544,0.013905018602323137,7.05415974564129e-4,3.5985336397615774e-4,NA,NA,17,NA,NA,NA
2022,78Sleep,746184.5028997498,909484.5028997498,alt,163300,Electricity,N/A,TRUE,2021,0,0.5,5000,100,0,350,0,0,13.701270876526285,1,483.34573117598865,NCent,>200,0.050731034221433824,0.025879387454831333,224042.00197938742,9.5316462518,NA,0.09366379991368863,250,896.1680079175497,1,12988.38825279598,8526.28840624671,-4462.09984654927,0.0022210437480177938,0,0,Moderate,0,0,0,0,0,0,NA,NA,NA,86,NA,NA
2022,78Sleep,1,163301,alt,163300,Hydrogen,N/A,FALSE,2021,0,0.5,5000,100,0,350,0,0,8.850364926110759,1,0,NCent,>200,0.050731034221433824,0.025879387454831333,224042.00197938742,1.0648565759602588,NA,0.9317347591029426,250,896.1680079175497,1,2246.353691729366,8526.28840624671,6279.934714517343,0.022094167260173447,0.022094167260173447,0.9999999998958342,Moderate,1,0.04418833452034689,0.04418833451574398,0.015577222597601532,7.902486126738157e-4,4.031289790734842e-4,NA,NA,NA,NA,1,NA
2022,78Sleep,1000000,1163300,alt,163300,Diesel,N/A,FALSE,2020,0,0,5000,100,0,350,0,0,1,1,0,NCent,>200,0.050731034221433824,0.025879387454831333,224042.00197938742,3.0226090701,NA,1,250,896.1680079175497,1,56432.61560552155,8526.28840624671,-47906.327199274834,0,0,0,Moderate,0,0,0,0,0,0,NA,NA,NA,NA,NA,86
2023,78Sleep,162800,162800,base,162800,Diesel,N/A,FALSE,NA,NA,NA,NA,NA,0,350,0,NA,6.739472763164692,1,0,NCent,>200,0.050731034221433824,0.025879387454831333,224042.00197938742,3.0399664042000003,NA,1,250,896.1680079175497,1,8421.531167709489,8421.531167709489,0,NA,NA,0.062176524022116264,Moderate,0,0,0,0.8808000861895845,0.044683899314725675,0.02279456670074909,NA,NA,NA,NA,NA,NA
2023,78Sleep,490.7034805180095,163290.70348051802,alt,162800,Diesel,N/A,FALSE,2021,0,0.5,5000,100,0,350,0,0,6.819190270101489,1,0,NCent,>200,0.050731034221433824,0.025879387454831333,224042.00197938742,3.0399664042000003,NA,1,250,896.1680079175497,1,8323.082020129048,8421.531167709489,98.4491475804407,0.05960146101105877,0.05960143608975009,0.9999747639432746,Moderate,1,0.11920292202211755,0.11919991381041556,0.04457797284690662,0.0022614866660185676,0.001153650631256047,NA,6,NA,NA,NA,NA
2023,78Sleep,9316.03681385133,172116.03681385133,alt,162800,Diesel,N/A,FALSE,2021,0,0.5,5000,100,0,350,0,0,7.286907862501444,1,0,NCent,>200,0.050731034221433824,0.025879387454831333,224042.00197938742,3.0399664042000003,NA,1,250,896.1680079175497,1,7788.856535567235,8421.531167709489,632.6746321422534,0.05960146101105877,0,0.9909452302101686,Moderate,0.8131554612767673,0.09693050704243351,0.09605282361555265,0.035921503851193845,0.0018223350411602818,9.296265161252614e-4,NA,NA,16,NA,NA,NA
2023,78Sleep,689043.0368138512,851843.0368138512,alt,162800,Electricity,N/A,TRUE,2021,0,0.5,5000,100,0,350,0,0,13.914032616177685,1,488.9519587215959,NCent,>200,0.050731034221433824,0.025879387454831333,224042.00197938742,9.680597014,NA,0.12155326065006883,250,896.1680079175497,1,12989.646227426374,8421.531167709489,-4568.115059716885,0.007244751925402142,0,0,Moderate,0,0,0,0,0,0,NA,NA,NA,86,NA,NA
2023,78Sleep,1,162801,alt,162800,Hydrogen,N/A,FALSE,2021,0,0.5,5000,100,0,350,0,0,9.035161917884388,1,0,NCent,>200,0.050731034221433824,0.025879387454831333,224042.00197938742,1.0648565759602588,NA,0.9317347591029426,250,896.1680079175497,1,2200.4088145413352,8421.531167709489,6221.1223531681535,0.05553275291732227,0.05553275291732227,0.9999999998951934,Moderate,1,0.11106550583464454,0.11106550582300415,0.03870043711231508,0.0019633131995293036,0.0010015436067009357,NA,NA,NA,NA,1,NA
2023,78Sleep,1000000,1162800,alt,162800,Diesel,N/A,FALSE,2020,0,0,5000,100,0,350,0,0,1,1,0,NCent,>200,0.050731034221433824,0.025879387454831333,224042.00197938742,3.0399664042000003,NA,1,250,896.1680079175497,1,56756.67992892064,8421.531167709489,-48335.14876121115,0,0,0,Moderate,0,0,0,0,0,0,NA,NA,NA,NA,NA,86
2024,78Sleep,167400,167400,base,167400,Diesel,N/A,FALSE,NA,NA,NA,NA,NA,0,350,0,NA,6.899535752194237,1,0,NCent,>200,0.050731034221433824,0.025879387454831333,224042.00197938742,3.0947866083000006,NA,1,250,896.1680079175497,1,8374.502917364436,8374.502917364436,0,NA,NA,0.062176524022116264,Moderate,0,0,0,0.7310760647381144,0.03708824485870045,0.018919800738311017,NA,NA,NA,NA,NA,NA
2024,78Sleep,809.9001793835748,168209.90017938358,alt,167400,Diesel,N/A,FALSE,2021,0,0.5,5000,100,0,350,0,0,7.025378546928115,1,0,NCent,>200,0.050731034221433824,0.025879387454831333,224042.00197938742,3.0947866083000006,NA,1,250,896.1680079175497,1,8224.493797629675,8374.502917364436,150.00911973476104,0.13447071068499755,0.13446883471798415,0.999934981721966,Moderate,1,0.2689414213699951,0.2689239352618856,0.09844558982514133,0.004994246586368482,0.002547711562304234,NA,6,NA,NA,NA,NA
2024,78Sleep,9202.400179383549,176602.40017938355,alt,167400,Diesel,N/A,FALSE,2021,0,0.5,5000,100,0,350,0,0,7.520215210206873,1,0,NCent,>200,0.050731034221433824,0.025879387454831333,224042.00197938742,3.0947866083000006,NA,1,250,896.1680079175497,1,7683.314994335301,8374.502917364436,691.1879230291352,0.13447071068499755,0,0.9916407506470306,Moderate,0.8707376536273742,0.2341774222069205,0.23221987474185726,0.08500925183851663,0.004312607264158273,0.0021999873655743044,NA,NA,14,NA,NA,NA
2024,78Sleep,631987.4001793835,799387.4001793835,alt,167400,Electricity,N/A,TRUE,2021,0,0.5,5000,100,0,350,0,0,14.205045368344503,1,494.5581862672031,NCent,>200,0.050731034221433824,0.025879387454831333,224042.00197938742,9.8160969276,NA,0.15445353795437128,250,896.1680079175497,1,12901.624917158579,8374.502917364436,-4527.1219997941425,0.020769477016536548,0,0,Moderate,0,0,0,0,0,0,NA,NA,NA,86,NA,NA
2024,78Sleep,1,167401,alt,167400,Hydrogen,N/A,FALSE,2021,0,0.5,5000,100,0,350,0,0,9.287924850055868,1,0,NCent,>200,0.050731034221433824,0.025879387454831333,224042.00197938742,1.0648565759602588,NA,0.9317347591029426,250,896.1680079175497,1,2140.526570345949,8374.502917364436,6233.976347018487,0.12529103522648768,0.12529103522648768,0.9999999999008742,Moderate,1,0.25058207045297537,0.25058207042813624,0.0854690935982277,0.00433593551220662,0.0022118877886417787,NA,NA,NA,NA,1,NA
2024,78Sleep,1000000,1167400,alt,167400,Diesel,N/A,FALSE,2020,0,0,5000,100,0,350,0,0,1,1,0,NCent,>200,0.050731034221433824,0.025879387454831333,224042.00197938742,3.0947866083000006,NA,1,250,896.1680079175497,1,57780.18228521087,8374.502917364436,-49405.67936784643,0,0,0,Moderate,0,0,0,0,0,0,NA,NA,NA,NA,NA,86
2025,78Sleep,167100,167100,base,167100,Diesel,N/A,FALSE,NA,NA,NA,NA,NA,0,350,0,NA,7.0826454244148485,1,0,NCent,>200,0.050731034221433824,0.025879387454831333,224042.00197938742,3.1132364822999996,NA,1,250,896.1680079175497,1,8206.629165770395,8206.629165770395,0,NA,NA,0.062176524022116264,Moderate,0,0,0,0.5016995585693191,0.025451737474658374,0.012983677262133255,NA,NA,NA,NA,NA,NA
2025,78Sleep,1129.09687824914,168229.09687824914,alt,167100,Diesel,N/A,FALSE,2021,0,0.5,5000,100,0,350,0,0,7.231566823754742,1,0,NCent,>200,0.050731034221433824,0.025879387454831333,224042.00197938742,3.1132364822999996,NA,1,250,896.1680079175497,1,8037.628072505859,8206.629165770395,169.0010932645364,0.25,0.24996430498984504,0.9998731824165761,Moderate,0.9967272854070297,0.49836364270351485,0.49830044143068086,0.18201774598582343,0.009233948500515057,0.004710507772022195,NA,7,NA,NA,NA,NA
2025,78Sleep,9088.763544915768,176188.76354491577,alt,167100,Diesel,N/A,FALSE,2021,0,0.5,5000,100,0,350,0,0,7.7535225579123015,1,0,NCent,>200,0.050731034221433824,0.025879387454831333,224042.00197938742,3.1132364822999996,NA,1,250,896.1680079175497,1,7496.546772988775,8206.629165770395,710.08239278162,0.25,0,0.9918158993043612,Moderate,0.8707376536273742,0.4353688268136871,0.43180572449530175,0.15772874784286922,0.008001742504520504,0.004081923378191004,NA,NA,14,NA,NA,NA
2025,78Sleep,574931.7635449157,742031.7635449157,alt,167100,Electricity,N/A,TRUE,2021,0,0.5,5000,100,0,350,0,0,14.496058120511323,1,500.1644138128103,NCent,>200,0.050731034221433824,0.025879387454831333,224042.00197938742,10.024830441199999,NA,0.21345079778654535,250,896.1680079175497,1,12911.458773128928,8206.629165770395,-4704.829607358533,0.05336269944663634,0,5.218048215738236e-15,Moderate,0,0,0,0,0,0,NA,NA,NA,86,NA,NA
2025,78Sleep,1,167101,alt,167100,Hydrogen,N/A,FALSE,2021,0,0.5,5000,100,0,350,0,0,9.540687782227348,1,0,NCent,>200,0.050731034221433824,0.025879387454831333,224042.00197938742,1.0648565759602588,NA,0.9317347591029426,250,896.1680079175497,1,2083.8172654550085,8206.629165770395,6122.811900315386,0.23293368977573564,0.23293368977573564,0.999999999900518,Moderate,1,0.4658673795514713,0.46586737950512586,0.15855394760198824,0.00804360574173989,0.004103279042484879,NA,NA,NA,NA,1,NA
2025,78Sleep,1000000,1167100,alt,167100,Diesel,N/A,FALSE,2020,0,0,5000,100,0,350,0,0,1,1,0,NCent,>200,0.050731034221433824,0.025879387454831333,224042.00197938742,3.1132364822999996,NA,1,250,896.1680079175497,1,58124.64451081314,8206.629165770395,-49918.015345042746,0,0,0,Moderate,0,0,0,0,0,0,NA,NA,NA,NA,NA,86
2026,78Sleep,166900,166900,base,166900,Diesel,N/A,FALSE,NA,NA,NA,NA,NA,0,350,0,NA,7.294435606504738,1,0,NCent,>200,0.050731034221433824,0.025879387454831333,224042.00197938742,3.1703064004000003,NA,1,250,896.1680079175497,1,8114.424829526849,8114.424829526849,0,NA,NA,0.062176524022116264,Moderate,0,0,0,0.31884731141795764,0.016175453866956575,0.008251573111116592,NA,NA,NA,NA,NA,NA
2026,78Sleep,1362.464125684027,168262.46412568403,alt,166900,Diesel,N/A,FALSE,2021,0,0.5,5000,100,0,350,0,0,7.382312714258571,1,0,NCent,>200,0.050731034221433824,0.025879387454831333,224042.00197938742,3.1703064004000003,NA,1,250,896.1680079175497,1,8017.83285182216,8114.424829526849,96.59197770468927,0.36552928931500245,0.365334904528505,0.9998149049597262,Moderate,0.8427352129942551,0.6160888069730346,0.6159747719904957,0.2253488489023473,0.011432180165425701,0.0058318901732440885,NA,15,NA,NA,NA,NA
2026,78Sleep,8889.29745901731,175789.2974590173,alt,166900,Diesel,N/A,FALSE,2021,0,0.5,5000,100,0,350,0,0,7.924095417010954,1,0,NCent,>200,0.050731034221433824,0.025879387454831333,224042.00197938742,3.1703064004000003,NA,1,250,896.1680079175497,1,7469.641175160646,8114.424829526849,644.7836543662033,0.36552928931500245,0,0.9921510830643168,Moderate,0.8427352129942551,0.6160888069730346,0.611253177102099,0.2236214957355202,0.011344549752806894,0.00578718733136844,NA,NA,15,NA,NA,NA
2026,78Sleep,517790.29745901714,684690.2974590171,alt,166900,Electricity,N/A,TRUE,2021,0,0.5,5000,100,0,350,0,0,14.70881986016272,1,505.77064135841755,NCent,>200,0.050731034221433824,0.025879387454831333,224042.00197938742,10.1967696188,NA,0.2590823252051275,250,896.1680079175497,1,12942.941156153332,8114.424829526849,-4828.5163266264835,0.0947021782063086,0,2.4479307469960077e-12,Moderate,0,0,0,0,0,0,NA,NA,NA,86,NA,NA
2026,78Sleep,1,166901,alt,166900,Hydrogen,N/A,FALSE,2021,0,0.5,5000,100,0,350,0,0,9.725484774000977,1,0,NCent,>200,0.050731034221433824,0.025879387454831333,224042.00197938742,1.0648565759602588,NA,0.9317347591029426,250,896.1680079175497,1,2044.2219988939548,8114.424829526849,6070.202830632894,0.3405763443249836,0.3405763443249836,0.9999999999002794,Moderate,1,0.6811526886499673,0.6811526885820424,0.2321823439441749,0.011778850436244655,0.006008736839102214,NA,NA,NA,NA,1,NA
2026,78Sleep,1000000,1166900,alt,166900,Diesel,N/A,FALSE,2020,0,0,5000,100,0,350,0,0,1,1,0,NCent,>200,0.050731034221433824,0.025879387454831333,224042.00197938742,3.1703064004000003,NA,1,250,896.1680079175497,1,59190.14940280679,8114.424829526849,-51075.72457327994,0,0,0,Moderate,0,0,0,0,0,0,NA,NA,NA,NA,NA,86
2027,78Sleep,169800,169800,base,169800,Diesel,N/A,FALSE,NA,NA,NA,NA,NA,0,350,0,NA,7.503775917685355,1,0,NCent,>200,0.050731034221433824,0.025879387454831333,224042.00197938742,3.1782780442,NA,1,250,896.1680079175497,1,7907.882907673359,7907.882907673359,0,NA,NA,0.062176524022116264,Moderate,0,0,0,0.17933074681076822,0.009097634253412368,0.004640969879280129,NA,NA,NA,NA,NA,NA
2027,78Sleep,1619.8003587671496,171419.80035876716,alt,169800,Diesel,N/A,FALSE,2021,0,0.5,5000,100,0,350,0,0,7.548541609021706,1,0,NCent,>200,0.050731034221433824,0.025879387454831333,224042.00197938742,3.1782780442,NA,1,250,896.1680079175497,1,7860.986187259733,7907.882907673359,46.8967204136261,0.44039853898894116,0.4396128174436936,0.9997472505498702,Moderate,0.1538316543371343,0.4396128174436936,0.43950170554581475,0.18833255233954596,0.009554305157747483,0.004873931092352411,NA,40,NA,NA,NA,NA
2027,78Sleep,8713.800358767156,178513.80035876716,alt,169800,Diesel,N/A,FALSE,2021,0,0.5,5000,100,0,350,0,0,8.11218769435125,1,0,NCent,>200,0.050731034221433824,0.025879387454831333,224042.00197938742,3.1782780442,NA,1,250,896.1680079175497,1,7314.793932072655,7907.882907673359,593.0889756007045,0.44039853898894116,0,0.9927113047726936,Moderate,0.8131554612767673,0.7162249542343336,0.7110046088287282,0.3046752970835428,0.015456492922770727,0.007884810061140847,NA,NA,16,NA,NA,NA
2027,78Sleep,460672.80035876716,630472.8003587672,alt,169800,Electricity,N/A,TRUE,2021,0,0.5,5000,100,0,350,0,0,14.943434208268188,1,511.37686890402466,NCent,>200,0.050731034221433824,0.025879387454831333,224042.00197938742,10.2716506974,NA,0.33608423666452697,250,896.1680079175497,1,12833.290492919681,7907.882907673359,-4925.407585246322,0.1480110068042712,0,1.319584663761475e-9,Moderate,0,0,0,0,0,0,NA,NA,NA,86,NA,NA
2027,78Sleep,1,169801,alt,169800,Hydrogen,N/A,FALSE,2021,0,0.5,5000,100,0,350,0,0,9.929262134666752,1,0,NCent,>200,0.050731034221433824,0.025879387454831333,224042.00197938742,1.0648565759602588,NA,0.9317347591029426,250,896.1680079175497,1,2002.2686132445685,7907.882907673359,5905.61429442879,0.41033462663414894,0.41033462663414894,0.9999999999036565,Moderate,1,0.8206692532682979,0.8206692531892318,0.32766140376614306,0.01662260188750325,0.008479676422057946,NA,NA,NA,NA,1,NA
2027,78Sleep,1000000,1169800,alt,169800,Diesel,N/A,FALSE,2020,0,0,5000,100,0,350,0,0,1,1,0,NCent,>200,0.050731034221433824,0.025879387454831333,224042.00197938742,3.1782780442,NA,1,250,896.1680079175497,1,59338.98132247499,7907.882907673359,-51431.09841480163,0,0,0,Moderate,0,0,0,0,0,0,NA,NA,NA,NA,NA,86
2028,78Sleep,169500,169500,base,169500,Diesel,N/A,FALSE,NA,NA,NA,NA,NA,0,350,0,NA,7.617918954057153,1,0,NCent,>200,0.050731034221433824,0.025879387454831333,224042.00197938742,3.2270252688000003,NA,1,250,896.1680079175497,1,7908.865991052288,7908.865991052288,0,NA,NA,0.062176524022116264,Moderate,0,0,0,0.11245357550321644,0.005704886187176266,0.0029102296511288677,NA,NA,NA,NA,NA,NA
2028,78Sleep,1915.8597325756068,171415.8597325756,alt,169500,Diesel,N/A,FALSE,2021,0,0.5,5000,100,0,350,0,0,7.697384176021719,1,0,NCent,>200,0.050731034221433824,0.025879387454831333,224042.00197938742,3.2270252688000003,NA,1,250,896.1680079175497,1,7827.2175015011535,7908.865991052288,81.64848955113484,0.4762870634112167,0.4735408155334026,0.9996451797042069,Moderate,0.4866382579602361,0.4735408155334026,0.4733727936411649,0.20035647761135514,0.010164291322187597,0.005185102913189499,NA,26,NA,NA,NA,NA
2028,78Sleep,8907.234732575598,178407.2347325756,alt,169500,Diesel,N/A,FALSE,2021,0,0.5,5000,100,0,350,0,0,8.288473620474475,1,0,NCent,>200,0.050731034221433824,0.025879387454831333,224042.00197938742,3.2270252688000003,NA,1,250,896.1680079175497,1,7269.022367339847,7908.865991052288,639.8436237124415,0.4762870634112167,0,0.9923584888987211,Moderate,0.8427352129942551,0.8027677596605199,0.7966334009133254,0.3371775148437016,0.017105364044233837,0.008725947547697297,NA,NA,15,NA,NA,NA
2028,78Sleep,434030.1097325756,603530.1097325756,alt,169500,Electricity,N/A,TRUE,2021,0,0.5,5000,100,0,350,0,0,15.355608228069167,1,512.3141194957706,NCent,>200,0.050731034221433824,0.025879387454831333,224042.00197938742,10.258342987199999,NA,0.39217687976031146,250,896.1680079175497,1,12472.640102712538,7908.865991052288,-4563.774111660249,0.18678877439881256,0,1.2299778529012428e-8,Moderate,0,0,0,0,0,0,NA,NA,NA,86,NA,NA
2028,78Sleep,1,169501,alt,169500,Hydrogen,N/A,FALSE,2021,0,0.5,5000,100,0,350,0,0,10.151119501597355,1,0,NCent,>200,0.050731034221433824,0.025879387454831333,224042.00197938742,1.0648565759602588,NA,0.9317347591029426,250,896.1680079175497,1,1958.508115463774,7908.865991052288,5950.357875588515,0.4437732122912979,0.4437732122912979,0.9999999999033152,Moderate,1,0.8875464245825958,0.8875464244967836,0.3500124320417268,0.017756492667836122,0.009058107342815667,NA,NA,NA,NA,1,NA
2028,78Sleep,1000000,1169500,alt,169500,Diesel,N/A,FALSE,2020,0,0,5000,100,0,350,0,0,1,1,0,NCent,>200,0.050731034221433824,0.025879387454831333,224042.00197938742,3.2270252688000003,NA,1,250,896.1680079175497,1,60249.100138335234,7908.865991052288,-52340.23414728294,0,0,0,Moderate,0,0,0,0,0,0,NA,NA,NA,NA,NA,86
2029,78Sleep,169300,169300,base,169300,Diesel,N/A,FALSE,NA,NA,NA,NA,NA,0,350,0,NA,7.7555629328580205,1,0,NCent,>200,0.050731034221433824,0.025879387454831333,224042.00197938742,3.2571352357000003,NA,1,250,896.1680079175497,1,7840.985724712953,7840.985724712953,0,NA,NA,0.062176524022116264,Moderate,0,0,0,0.08502361799193503,0.004313336073978972,0.002200359152824855,NA,NA,NA,NA,NA,NA
2029,78Sleep,2140.2460314010395,171440.24603140104,alt,169300,Diesel,N/A,FALSE,2021,0,0.5,5000,100,0,350,0,0,7.810193415219858,1,0,NCent,>200,0.050731034221433824,0.025879387454831333,224042.00197938742,3.2571352357000003,NA,1,250,896.1680079175497,1,7786.139857323983,7840.985724712953,54.845867388969964,0.4910068950189542,0.48488071061566046,0.9995561721096377,Moderate,0.09105680891792667,0.48488071061566046,0.4846655070327905,0.2082520637646768,0.010564842573530037,0.005389435846434312,NA,45,NA,NA,NA,NA
2029,78Sleep,9028.996031401039,178328.99603140104,alt,169300,Diesel,N/A,FALSE,2021,0,0.5,5000,100,0,350,0,0,8.422082450314788,1,0,NCent,>200,0.050731034221433824,0.025879387454831333,224042.00197938742,3.2571352357000003,NA,1,250,896.1680079175497,1,7220.453920084783,7840.985724712953,620.53180462817,0.4910068950189542,0,0.9921304838005466,Moderate,0.8131554612767673,0.798529876418422,0.7922458326201997,0.3404138055175421,0.017269544417158944,0.00880970076796207,NA,NA,16,NA,NA,NA
2029,78Sleep,407315.7460314011,576615.7460314011,alt,169300,Electricity,N/A,TRUE,2021,0,0.5,5000,100,0,350,0,0,15.667998954244853,1,513.2513700875165,NCent,>200,0.050731034221433824,0.025879387454831333,224042.00197938742,10.2227176148,NA,0.45102114846019115,250,896.1680079175497,1,12181.507281062395,7840.985724712953,-4340.521556349442,0.22145449369332124,0,1.0403726058427765e-7,Moderate,0,0,0,0,0,0,NA,NA,NA,86,NA,NA
2029,78Sleep,1,169301,alt,169300,Hydrogen,N/A,FALSE,2021,0,0.5,5000,100,0,350,0,0,10.319267372723104,1,0,NCent,>200,0.050731034221433824,0.025879387454831333,224042.00197938742,1.0648565759602588,NA,0.9317347591029426,250,896.1680079175497,1,1926.595097000058,7840.985724712953,5914.390627712895,0.45748819104836913,0.45748819104836913,0.9999999999030866,Moderate,1,0.9149763820967383,0.9149763820080649,0.366310512725846,0.018583311156765866,0.009479891687610093,NA,NA,NA,NA,1,NA
2029,78Sleep,1000000,1169300,alt,169300,Diesel,N/A,FALSE,2020,0,0,5000,100,0,350,0,0,1,1,0,NCent,>200,0.050731034221433824,0.025879387454831333,224042.00197938742,3.2571352357000003,NA,1,250,896.1680079175497,1,60811.258243652665,7840.985724712953,-52970.27251893971,0,0,0,Moderate,0,0,0,0,0,0,NA,NA,NA,NA,NA,86
2030,78Sleep,169300,169300,base,169300,Diesel,N/A,FALSE,NA,NA,NA,NA,NA,0,350,0,NA,7.865268355939376,1,0,NCent,>200,0.050731034221433824,0.025879387454831333,224042.00197938742,3.3250624511,NA,1,250,896.1680079175497,1,7892.861105075846,7892.861105075846,0,NA,NA,0.062176524022116264,Moderate,0,0,0,0.07450120283040107,0.003779523070327059,0.001928045493898926,NA,NA,NA,NA,NA,NA
2030,78Sleep,2395.874013139273,171695.87401313928,alt,169300,Diesel,N/A,FALSE,2021,0,0.5,5000,100,0,350,0,0,7.938709275094531,1,0,NCent,>200,0.050731034221433824,0.025879387454831333,224042.00197938742,3.3250624511,NA,1,250,896.1680079175497,1,7819.844326877498,7892.861105075846,73.01677819834822,0.49665357453785763,0.48310513270964,0.9994438515350246,Moderate,0.2049167175893185,0.48310513270964,0.4828364545316618,0.2054135087738411,0.01042083974315053,0.005315975782014629,NA,37,NA,NA,NA,NA
2030,78Sleep,9181.999013139284,178481.99901313928,alt,169300,Diesel,N/A,FALSE,2021,0,0.5,5000,100,0,350,0,0,8.574293862924508,1,0,NCent,>200,0.050731034221433824,0.025879387454831333,224042.00197938742,3.3250624511,NA,1,250,896.1680079175497,1,7240.184635613103,7892.861105075846,652.6764694627436,0.49665357453785763,0,0.9918626118057354,Moderate,0.8427352129942551,0.8370949118450393,0.8302831455919125,0.353228039455403,0.017919623757582027,0.009141325292976824,NA,NA,15,NA,NA,NA
2030,78Sleep,380632.6240131393,549932.6240131393,alt,169300,Electricity,N/A,TRUE,2021,0,0.5,5000,100,0,350,0,0,16.023884368211938,1,514.1886206792625,NCent,>200,0.050731034221433824,0.025879387454831333,224042.00197938742,10.181428844000001,NA,0.5419371879237143,250,896.1680079175497,1,11862.852397936698,7892.861105075846,-3969.991292860852,0.2691550415573074,0,7.981884120322746e-7,Moderate,0,0,0,0,0,0,NA,NA,NA,86,NA,NA
2030,78Sleep,1,169301,alt,169300,Hydrogen,N/A,FALSE,2021,0,0.5,5000,100,0,350,0,0,10.510826755601892,1,0,NCent,>200,0.050731034221433824,0.025879387454831333,224042.00197938742,1.0648565759602588,NA,0.9317347591029426,250,896.1680079175497,1,1891.4829810438193,7892.861105075846,6001.378124032027,0.4627493986296461,0.4627493986296461,0.9999999999030866,Moderate,1,0.9254987972592922,0.9254987971695989,0.3668572489403549,0.01861104765037421,0.009494040885940955,NA,NA,NA,NA,1,NA
2030,78Sleep,1000000,1169300,alt,169300,Diesel,N/A,FALSE,2020,0,0,5000,100,0,350,0,0,1,1,0,NCent,>200,0.050731034221433824,0.025879387454831333,224042.00197938742,3.3250624511,NA,1,250,896.1680079175497,1,62079.47068757775,7892.861105075846,-54186.6095825019,0,0,0,Moderate,0,0,0,0,0,0,NA,NA,NA,NA,NA,86
2031,78Sleep,169300,169300,base,169300,Diesel,N/A,FALSE,NA,NA,NA,NA,NA,0,350,0,NA,7.959976452752454,1,0,NCent,>200,0.050731034221433824,0.025879387454831333,224042.00197938742,3.3623350247,NA,1,250,896.1680079175497,1,7886.374567505979,7886.374567505979,0,NA,NA,0.062176524022116264,Moderate,0,0,0,0.07056906992833112,0.0035800419015089226,0.0018262843030023674,NA,NA,NA,NA,NA,NA
2031,78Sleep,2606.49626233911,171906.49626233912,alt,169300,Diesel,N/A,FALSE,2021,0,0.5,5000,100,0,350,0,0,8.044598697999623,1,0,NCent,>200,0.050731034221433824,0.025879387454831333,224042.00197938742,3.3623350247,NA,1,250,896.1680079175497,1,7803.416703749709,7886.374567505979,82.95786375626994,0.49876368842168267,0.4744927241434195,0.9993418046171098,Moderate,0.22440545846436388,0.4744927241434195,0.4741804152231733,0.2027395780265668,0.010285188470904814,0.005246776092178531,NA,36,NA,NA,NA,NA
2031,78Sleep,9289.996262339118,178589.99626233912,alt,169300,Diesel,N/A,FALSE,2021,0,0.5,5000,100,0,350,0,0,8.699707011593706,1,0,NCent,>200,0.050731034221433824,0.025879387454831333,224042.00197938742,3.3623350247,NA,1,250,896.1680079175497,1,7215.801149541651,7886.374567505979,670.5734179643277,0.49876368842168267,0,0.9916708687589637,Moderate,0.8427352129942551,0.8406514463916941,0.8336495501667307,0.35643344304571034,0.018082237196815416,0.009224279174439494,NA,NA,15,NA,NA,NA
2031,78Sleep,353904.4962623391,523204.4962623391,alt,169300,Electricity,N/A,TRUE,2021,0,0.5,5000,100,0,350,0,0,16.31711277707964,1,515.1258712710085,NCent,>200,0.050731034221433824,0.025879387454831333,224042.00197938742,10.1662861328,NA,0.6024235991658122,250,896.1680079175497,1,11632.343341031134,7886.374567505979,-3745.9687735251546,0.30046701631220585,0,5.3509274740015655e-6,Moderate,0,0,0,0,0,0,NA,NA,NA,86,NA,NA
2031,78Sleep,1,169301,alt,169300,Hydrogen,N/A,FALSE,2021,0,0.5,5000,100,0,350,0,0,10.668660290893733,1,0,NCent,>200,0.050731034221433824,0.025879387454831333,224042.00197938742,1.0648565759602588,NA,0.9317347591029426,250,896.1680079175497,1,1863.500138052997,7886.374567505979,6022.874429452982,0.4647154650808716,0.4647154650808716,0.9999999999030866,Moderate,1,0.9294309301617432,0.9294309300716689,0.37025790899939176,0.018783566652204674,0.00958204788521094,NA,NA,NA,NA,1,NA
2031,78Sleep,1000000,1169300,alt,169300,Diesel,N/A,FALSE,2020,0,0,5000,100,0,350,0,0,1,1,0,NCent,>200,0.050731034221433824,0.025879387454831333,224042.00197938742,3.3623350247,NA,1,250,896.1680079175497,1,62775.35585493342,7886.374567505979,-54888.98128742744,0,0,0,Moderate,0,0,0,0,0,0,NA,NA,NA,NA,NA,86
2032,78Sleep,169300,169300,base,169300,Diesel,N/A,FALSE,NA,NA,NA,NA,NA,0,350,0,NA,8.02147092550181,1,0,NCent,>200,0.050731034221433824,0.025879387454831333,224042.00197938742,3.3867238939999997,NA,1,250,896.1680079175497,1,7882.68145591306,7882.68145591306,0,NA,NA,0.062176524022116264,Moderate,0,0,0,0.06911409905241817,0.003506229724211793,0.0017886305479691209,NA,NA,NA,NA,NA,NA
2032,78Sleep,2738.4367830923757,172038.4367830924,alt,169300,Diesel,N/A,FALSE,2021,0,0.5,5000,100,0,350,0,0,8.110931222950986,1,0,NCent,>200,0.050731034221433824,0.025879387454831333,224042.00197938742,3.3867238939999997,NA,1,250,896.1680079175497,1,7795.738661262345,7882.68145591306,86.94279465071486,0.4995444744027997,0.46554615505352465,0.9992735073602573,Moderate,0.22440545846436388,0.46554615505352465,0.46520793919841774,0.1997988823416893,0.01013600393748047,0.005170672689162836,NA,36,NA,NA,NA,NA
2032,78Sleep,9319.311783092387,178619.3117830924,alt,169300,Diesel,N/A,FALSE,2021,0,0.5,5000,100,0,350,0,0,8.778269823488383,1,0,NCent,>200,0.050731034221433824,0.025879387454831333,224042.00197938742,3.3867238939999997,NA,1,250,896.1680079175497,1,7203.0937058245645,7882.68145591306,679.5877500884953,0.4995444744027997,0,0.9916184402512696,Moderate,0.8427352129942551,0.8419674380718932,0.8349104376832082,0.3585798053918573,0.018191124378449393,0.009279825717213893,NA,NA,15,NA,NA,NA
2032,78Sleep,327097.6867830924,496397.6867830924,alt,169300,Electricity,N/A,TRUE,2021,0,0.5,5000,100,0,350,0,0,16.500800441192215,1,516.0631218627544,NCent,>200,0.050731034221433824,0.025879387454831333,224042.00197938742,10.1611156742,NA,0.6895891573297089,250,896.1680079175497,1,11497.001342981606,7882.68145591306,-3614.3198870685464,0.344480453152139,0,3.138942532598943e-5,Moderate,0,0,0,0,0,0,NA,NA,NA,86,NA,NA
2032,78Sleep,1,169301,alt,169300,Hydrogen,N/A,FALSE,2021,0,0.5,5000,100,0,350,0,0,10.767532271028065,1,0,NCent,>200,0.050731034221433824,0.025879387454831333,224042.00197938742,1.0648565759602588,NA,0.9317347591029426,250,896.1680079175497,1,1846.388701189636,7882.68145591306,6036.292754723424,0.4654429505188986,0.4654429505188986,0.9999999999030866,Moderate,1,0.9308859010377972,0.930885900947582,0.3725072132140353,0.01889767618129217,0.009640258500485485,NA,NA,NA,NA,1,NA
2032,78Sleep,1000000,1169300,alt,169300,Diesel,N/A,FALSE,2020,0,0,5000,100,0,350,0,0,1,1,0,NCent,>200,0.050731034221433824,0.025879387454831333,224042.00197938742,3.3867238939999997,NA,1,250,896.1680079175497,1,63230.70011359888,7882.68145591306,-55348.018657685825,0,0,0,Moderate,0,0,0,0,0,0,NA,NA,NA,NA,NA,86
2033,78Sleep,169300,169300,base,169300,Diesel,N/A,FALSE,NA,NA,NA,NA,NA,0,350,0,NA,8.039526911910627,1,0,NCent,>200,0.050731034221433824,0.025879387454831333,224042.00197938742,3.4412127438,NA,1,250,896.1680079175497,1,7991.517005141652,7991.517005141652,0,NA,NA,0.062176524022116264,Moderate,0,0,0,0.06857769836034988,0.003479017562346076,0.001774748826628046,NA,NA,NA,NA,NA,NA
2033,78Sleep,2807.4565583071735,172107.45655830717,alt,169300,Diesel,N/A,FALSE,2021,0,0.5,5000,100,0,350,0,0,8.145630615794332,1,0,NCent,>200,0.050731034221433824,0.025879387454831333,224042.00197938742,3.4412127438,NA,1,250,896.1680079175497,1,7887.420760923186,7991.517005141652,104.09624421846547,0.4998323249347668,0.4596065849325489,0.9992364388651711,Moderate,0.36787944117144233,0.4596065849325489,0.459255647206983,0.1952981996563714,0.009907679650151793,0.005054197778138243,NA,30,NA,NA,NA,NA
2033,78Sleep,9285.706558307167,178585.70655830717,alt,169300,Diesel,N/A,FALSE,2021,0,0.5,5000,100,0,350,0,0,8.819367035976677,1,0,NCent,>200,0.050731034221433824,0.025879387454831333,224042.00197938742,3.4412127438,NA,1,250,896.1680079175497,1,7284.878355526197,7991.517005141652,706.6386496154546,0.4998323249347668,0,0.991678526935952,Moderate,0.8707376536273742,0.8704456516416282,0.8632022615977748,0.36707626494002593,0.018622158558548565,0.00949970888585525,NA,NA,14,NA,NA,NA
2033,78Sleep,300227.95655830717,469527.95655830717,alt,169300,Electricity,N/A,TRUE,2021,0,0.5,5000,100,0,350,0,0,16.596889809449976,1,517.0003724545004,NCent,>200,0.050731034221433824,0.025879387454831333,224042.00197938742,10.216654205600001,NA,0.7434646892234733,250,896.1680079175497,1,11492.914676752964,7991.517005141652,-3501.397671611312,0.37160768412147255,0,1.6078197672952932e-4,Moderate,0,0,0,0,0,0,NA,NA,NA,86,NA,NA
2033,78Sleep,1,169301,alt,169300,Hydrogen,N/A,FALSE,2021,0,0.5,5000,100,0,350,0,0,10.819253469375269,1,0,NCent,>200,0.050731034221433824,0.025879387454831333,224042.00197938742,1.0648565759602588,NA,0.9317347591029426,250,896.1680079175497,1,1837.5620814500598,7991.517005141652,6153.954923691592,0.4657111508649587,0.4657111508649587,0.9999999999030866,Moderate,1,0.9314223017299174,0.9314223016396501,0.3690478370432528,0.01872217845038739,0.009550731964209793,NA,NA,NA,NA,1,NA
2033,78Sleep,1000000,1169300,alt,169300,Diesel,N/A,FALSE,2020,0,0,5000,100,0,350,0,0,1,1,0,NCent,>200,0.050731034221433824,0.025879387454831333,224042.00197938742,3.4412127438,NA,1,250,896.1680079175497,1,64248.01602982773,7991.517005141652,-56256.49902468608,0,0,0,Moderate,0,0,0,0,0,0,NA,NA,NA,NA,NA,86
2034,78Sleep,169300,169300,base,169300,Diesel,N/A,FALSE,NA,NA,NA,NA,NA,0,350,0,NA,8.057211603483672,1,0,NCent,>200,0.050731034221433824,0.025879387454831333,224042.00197938742,3.4689811773,NA,1,250,896.1680079175497,1,8038.321506651566,8038.321506651566,0,NA,NA,0.062176524022116264,Moderate,0,0,0,0.06838021200287503,0.003468998875186753,0.001769638000665911,NA,NA,NA,NA,NA,NA
2034,78Sleep,2840.180657763047,172140.18065776303,alt,169300,Diesel,N/A,FALSE,2021,0,0.5,5000,100,0,350,0,0,8.162082514962798,1,0,NCent,>200,0.050731034221433824,0.025879387454831333,224042.00197938742,3.4689811773,NA,1,250,896.1680079175497,1,7935.04074446625,8038.321506651566,103.28076218531623,0.49993830271200684,0.456456309489969,0.9992185417739377,Moderate,0.34087256868851834,0.456456309489969,0.45609960795208004,0.1942349517069355,0.009853739982043091,0.005026681572494236,NA,31,NA,NA,NA,NA
2034,78Sleep,9215.805657763034,178515.80565776303,alt,169300,Diesel,N/A,FALSE,2021,0,0.5,5000,100,0,350,0,0,8.838852310517789,1,0,NCent,>200,0.050731034221433824,0.025879387454831333,224042.00197938742,3.4689811773,NA,1,250,896.1680079175497,1,7327.473640311485,8038.321506651566,710.847866340081,0.49993830271200684,0,0.9918028271013797,Moderate,0.8707376536273742,0.8706302093238095,0.8634935029672203,0.3677280487066591,0.018655224223118605,0.009516576650488719,NA,NA,14,NA,NA,NA
2034,78Sleep,273321.93065776303,442621.93065776303,alt,169300,Electricity,N/A,TRUE,2021,0,0.5,5000,100,0,350,0,0,16.642448318351715,1,517.9376230462464,NCent,>200,0.050731034221433824,0.025879387454831333,224042.00197938742,10.239288936,NA,0.792685716633222,250,896.1680079175497,1,11486.845505864221,8038.321506651566,-3448.5239992126553,0.3962939517576638,0,7.173837943728056e-4,Moderate,0,0,0,0,0,0,NA,NA,NA,86,NA,NA
2034,78Sleep,1,169301,alt,169300,Hydrogen,N/A,FALSE,2021,0,0.5,5000,100,0,350,0,0,10.84377585637847,1,0,NCent,>200,0.050731034221433824,0.025879387454831333,224042.00197938742,1.0648565759602588,NA,0.9317347591029426,250,896.1680079175497,1,1833.4065724188383,8038.321506651566,6204.914934232727,0.46580989404370565,0.46580989404370565,0.9999999999030866,Moderate,1,0.9316197880874113,0.9316197879971249,0.3696567875835304,0.018753071141085372,0.009566491231182467,NA,NA,NA,NA,1,NA
2034,78Sleep,1000000,1169300,alt,169300,Diesel,N/A,FALSE,2020,0,0,5000,100,0,350,0,0,1,1,0,NCent,>200,0.050731034221433824,0.025879387454831333,224042.00197938742,3.4689811773,NA,1,250,896.1680079175497,1,64766.457315925356,8038.321506651566,-56728.135809273794,0,0,0,Moderate,0,0,0,0,0,0,NA,NA,NA,NA,NA,86
2035,78Sleep,169300,169300,base,169300,Diesel,N/A,FALSE,NA,NA,NA,NA,NA,0,350,0,NA,8.068584755581561,1,0,NCent,>200,0.050731034221433824,0.025879387454831333,224042.00197938742,3.5000631538,NA,1,250,896.1680079175497,1,8098.912632408321,8098.912632408321,0,NA,NA,0.062176524022116264,Moderate,0,0,0,0.06830753975961013,0.0034653121371267326,0.0017677572875252467,NA,NA,NA,NA,NA,NA
2035,78Sleep,2866.58647871119,172166.5864787112,alt,169300,Diesel,N/A,FALSE,2021,0,0.5,5000,100,0,350,0,0,8.17535792699622,1,0,NCent,>200,0.050731034221433824,0.025879387454831333,224042.00197938742,3.5000631538,NA,1,250,896.1680079175497,1,7993.137864563973,8098.912632408321,105.77476784434748,0.4999773010656488,0.45372053243346566,0.9992039492396703,Moderate,0.36787944117144233,0.45372053243346566,0.4533593478586448,0.1933028969767576,0.009806455881630186,0.005002560567002854,NA,30,NA,NA,NA,NA
2035,78Sleep,9139.586478711193,178439.5864787112,alt,169300,Diesel,N/A,FALSE,2021,0,0.5,5000,100,0,350,0,0,8.854575422206523,1,0,NCent,>200,0.050731034221433824,0.025879387454831333,224042.00197938742,3.5000631538,NA,1,250,896.1680079175497,1,7379.999591934424,8098.912632408321,718.9130404738971,0.4999773010656488,0,0.9919373097645506,Moderate,0.8707376536273742,0.8706981239937006,0.8636779547313526,0.368254126650513,0.018681912701291402,0.009530191225429155,NA,NA,14,NA,NA,NA
2035,78Sleep,246409.58647871116,415709.58647871116,alt,169300,Electricity,N/A,TRUE,2021,0,0.5,5000,100,0,350,0,0,16.67921051650924,1,518.874873637992,NCent,>200,0.050731034221433824,0.025879387454831333,224042.00197938742,10.145019539199998,NA,0.8561203021254231,250,896.1680079175497,1,11356.005556700968,8098.912632408321,-3257.092924292647,0.42804071804417687,0,0.0027826435712632325,Moderate,0,0,0,0,0,0,NA,NA,NA,86,NA,NA
2035,78Sleep,1,169301,alt,169300,Hydrogen,N/A,FALSE,2021,0,0.5,5000,100,0,350,0,0,10.86356352880321,1,0,NCent,>200,0.050731034221433824,0.025879387454831333,224042.00197938742,1.0648565759602588,NA,0.9317347591029426,250,896.1680079175497,1,1830.0670744189229,8098.912632408321,6268.845557989398,0.46584623016534166,0.46584623016534166,0.9999999999030866,Moderate,1,0.9316924603306833,0.9316924602403899,0.3701354366131193,0.018777353501385506,0.009578878374874079,NA,NA,NA,NA,1,NA
2035,78Sleep,1000000,1169300,alt,169300,Diesel,N/A,FALSE,2020,0,0,5000,100,0,350,0,0,1,1,0,NCent,>200,0.050731034221433824,0.025879387454831333,224042.00197938742,3.5000631538,NA,1,250,896.1680079175497,1,65346.76300263672,8098.912632408321,-57247.8503702284,0,0,0,Moderate,0,0,0,0,0,0,NA,NA,NA,NA,NA,86
2036,78Sleep,169300,169300,base,169300,Diesel,N/A,FALSE,NA,NA,NA,NA,NA,0,350,0,NA,8.082734838312888,1,0,NCent,>200,0.050731034221433824,0.025879387454831333,224042.00197938742,3.535600313,NA,1,250,896.1680079175497,1,8166.820886010996,8166.820886010996,0,NA,NA,0.062176524022116264,Moderate,0,0,0,0.06828080228261557,0.0034639557172663274,0.0017670653379985401,NA,NA,NA,NA,NA,NA
2036,78Sleep,3449.553791228615,172749.55379122862,alt,169300,Diesel,N/A,FALSE,2021,0,0.5,5000,100,0,350,0,0,8.265689420022023,1,0,NCent,>200,0.050731034221433824,0.025879387454831333,224042.00197938742,3.535600313,NA,1,250,896.1680079175497,1,7986.054682108601,8166.820886010996,180.76620390239532,0.499991649289076,0.35066906452369906,0.9988474519685585,Moderate,0.6510784010991584,0.6510675271641255,0.650317140567357,0.24923144970739125,0.012643769204163229,0.006449957252906887,NA,21,NA,NA,NA,NA
2036,78Sleep,9566.553791228624,178866.55379122862,alt,169300,Diesel,N/A,FALSE,2021,0,0.5,5000,100,0,350,0,0,8.997573231603015,1,0,NCent,>200,0.050731034221433824,0.025879387454831333,224042.00197938742,3.535600313,NA,1,250,896.1680079175497,1,7336.4501732276485,8166.820886010996,830.3707127833477,0.499991649289076,0,0.9911698094647642,Moderate,0.9208397583791071,0.9208243790458481,0.9126933243293831,0.3497860753945633,0.017745009361022624,0.009052249371440748,NA,NA,12,NA,NA,NA
2036,78Sleep,233540.68712456198,402840.687124562,alt,169300,Electricity,N/A,TRUE,2021,0,0.5,5000,100,0,350,0,0,16.926966688541036,1,520.7116645864565,NCent,>200,0.050731034221433824,0.025879387454831333,224042.00197938742,10.069103147044721,NA,0.8908829980431467,250,896.1680079175497,1,11106.05574283635,8166.820886010996,-2939.2348568253537,0.4454340595151896,0,0.005063105663377976,Moderate,0,0,0,0,0,0,NA,NA,NA,86,NA,NA
2036,78Sleep,1,169301,alt,169300,Hydrogen,N/A,FALSE,2021,0,0.5,5000,100,0,350,0,0,11.043101585310085,1,0,NCent,>200,0.050731034221433824,0.025879387454831333,224042.00197938742,1.0648565759602588,NA,0.9317347591029426,250,896.1680079175497,1,1800.3139581154862,8166.820886010996,6366.50692789551,0.4658595989038402,0.4658595989038402,0.9999999999030866,Moderate,1,0.9317191978076804,0.9317191977173844,0.33270167261542993,0.01687829993898165,0.008610115492485158,NA,NA,NA,NA,1,NA
2036,78Sleep,1000000,1169300,alt,169300,Diesel,N/A,FALSE,2020,0,0,5000,100,0,350,0,0,1,1,0,NCent,>200,0.050731034221433824,0.025879387454831333,224042.00197938742,3.535600313,NA,1,250,896.1680079175497,1,66010.2476936224,8166.820886010996,-57843.4268076114,0,0,0,Moderate,0,0,0,0,0,0,NA,NA,NA,NA,NA,86
2037,78Sleep,169300,169300,base,169300,Diesel,N/A,FALSE,NA,NA,NA,NA,NA,0,350,0,NA,8.094667744520162,1,0,NCent,>200,0.050731034221433824,0.025879387454831333,224042.00197938742,3.5596248174,NA,1,250,896.1680079175497,1,8210.193586241734,8210.193586241734,0,NA,NA,0.062176524022116264,Moderate,0,0,0,0.0682709657283973,0.0034634566986976594,0.001766810774000705,NA,NA,NA,NA,NA,NA
2037,78Sleep,3805.0133195880057,173105.013319588,alt,169300,Diesel,N/A,FALSE,2021,0,0.5,5000,100,0,350,0,0,8.320768305608754,1,0,NCent,>200,0.050731034221433824,0.025879387454831333,224042.00197938742,3.5596248174,NA,1,250,896.1680079175497,1,7987.09767630708,8210.193586241734,223.09590993465372,0.4999969279126989,0.24709920317712272,0.9985978602647523,Moderate,0.7177177698896199,0.7177133601063266,0.7167070256856033,0.2674109152883429,0.013566032294677864,0.006920430686398105,NA,19,NA,NA,NA,NA
2037,78Sleep,9766.013319588004,179066.013319588,alt,169300,Diesel,N/A,FALSE,2021,0,0.5,5000,100,0,350,0,0,9.084764970819068,1,0,NCent,>200,0.050731034221433824,0.025879387454831333,224042.00197938742,3.5596248174,NA,1,250,896.1680079175497,1,7315.410955846165,8210.193586241734,894.782630395569,0.4999969279126989,0,0.990799474415823,Moderate,0.9208397583791071,0.920834100578851,0.9123619428776926,0.34041181888204197,0.017269443633085402,0.008809649355052233,NA,NA,12,NA,NA,NA
2037,78Sleep,220444.27998625475,389744.27998625475,alt,169300,Electricity,N/A,TRUE,2021,0,0.5,5000,100,0,350,0,0,17.078033978537537,1,522.5484555349211,NCent,>200,0.050731034221433824,0.025879387454831333,224042.00197938742,10.013076452965333,NA,0.9317347591029426,250,896.1680079175497,1,10946.564933031808,8210.193586241734,-2736.3713467900743,0.46586451718094984,0,0.00900865091631764,Moderate,0,0,0,0,0,0,NA,NA,NA,86,NA,NA
2037,78Sleep,1,169301,alt,169300,Hydrogen,N/A,FALSE,2021,0,0.5,5000,100,0,350,0,0,11.15257343993759,1,0,NCent,>200,0.050731034221433824,0.025879387454831333,224042.00197938742,1.0648565759602588,NA,0.9317347591029426,250,896.1680079175497,1,1782.6423678795568,8210.193586241734,6427.551218362178,0.46586451718094984,0.46586451718094984,0.9999999999030866,Moderate,1,0.9317290343618997,0.9317290342716027,0.3239063001012178,0.016432101594972895,0.008382496639380288,NA,NA,NA,NA,1,NA
2037,78Sleep,1000000,1169300,alt,169300,Diesel,N/A,FALSE,2020,0,0,5000,100,0,350,0,0,1,1,0,NCent,>200,0.050731034221433824,0.025879387454831333,224042.00197938742,3.5596248174,NA,1,250,896.1680079175497,1,66458.78919881728,8210.193586241734,-58248.59561257555,0,0,0,Moderate,0,0,0,0,0,0,NA,NA,NA,NA,NA,86
2038,78Sleep,169300,169300,base,169300,Diesel,N/A,FALSE,NA,NA,NA,NA,NA,0,350,0,NA,8.100586225469392,1,0,NCent,>200,0.050731034221433824,0.025879387454831333,224042.00197938742,3.5897074603999997,NA,1,250,896.1680079175497,1,8273.529260344325,8273.529260344325,0,NA,NA,0.062176524022116264,Moderate,0,0,0,0.06705108831900031,0.0034015710560955864,0.0017352410938755243,NA,NA,NA,NA,NA,NA
2038,78Sleep,4355.744167905732,173655.74416790574,alt,169300,Diesel,N/A,FALSE,2021,0,0.5,5000,100,0,350,0,0,8.406104719359087,1,0,NCent,>200,0.050731034221433824,0.025879387454831333,224042.00197938742,3.5897074603999997,NA,1,250,896.1680079175497,1,7972.829199714406,8273.529260344325,300.7000606299189,0.499998869837851,0.08137114687483285,0.9981630002148252,Moderate,0.8131554612767673,0.8131536232817201,0.8116598602504375,0.2898253198153905,0.014703138217792578,0.0075005017457228955,NA,16,NA,NA,NA,NA
2038,78Sleep,10160.744167905737,179460.74416790574,alt,169300,Diesel,N/A,FALSE,2021,0,0.5,5000,100,0,350,0,0,9.219855400737732,1,0,NCent,>200,0.050731034221433824,0.025879387454831333,224042.00197938742,3.5897074603999997,NA,1,250,896.1680079175497,1,7269.141895327396,8273.529260344325,1004.3873650169289,0.499998869837851,0,0.9900444838326186,Moderate,0.9423324261565089,0.9423302961796294,0.9329489116809997,0.3331348880748357,0.01690027740727802,0.008621326843210543,NA,NA,11,NA,NA,NA
2038,78Sleep,207543.1441679058,376843.1441679058,alt,169300,Electricity,N/A,TRUE,2021,0,0.5,5000,100,0,350,0,0,17.31208992621976,1,524.3852464833857,NCent,>200,0.050731034221433824,0.025879387454831333,224042.00197938742,9.932570095649,NA,0.951971359071013,250,896.1680079175497,1,10711.747775271413,8273.529260344325,-2438.218514927088,0.4759846036535096,0,0.015383487243604055,Moderate,0,0,0,0,0,0,NA,NA,NA,86,NA,NA
2038,78Sleep,1,169301,alt,169300,Hydrogen,N/A,FALSE,2021,0,0.5,5000,100,0,350,0,0,11.32218354335551,1,0,NCent,>200,0.050731034221433824,0.025879387454831333,224042.00197938742,1.0648565759602588,NA,0.9317347591029426,250,896.1680079175497,1,1755.9377878649839,8273.529260344325,6517.591472479341,0.4658663265401137,0.4658663265401137,0.9999999999030866,Moderate,1,0.9317326530802273,0.93173265298993,0.3099887037907735,0.015726047540267643,0.008022317772022369,NA,NA,NA,NA,1,NA
2038,78Sleep,1000000,1169300,alt,169300,Diesel,N/A,FALSE,2020,0,0,5000,100,0,350,0,0,1,1,0,NCent,>200,0.050731034221433824,0.025879387454831333,224042.00197938742,3.5897074603999997,NA,1,250,896.1680079175497,1,67020.4371623632,8273.529260344325,-58746.90790201888,0,0,0,Moderate,0,0,0,0,0,0,NA,NA,NA,NA,NA,86
2039,78Sleep,169300,169300,base,169300,Diesel,N/A,FALSE,NA,NA,NA,NA,NA,0,350,0,NA,8.104167041564082,1,0,NCent,>200,0.050731034221433824,0.025879387454831333,224042.00197938742,3.6205475440999995,NA,1,250,896.1680079175497,1,8340.92218527338,8340.92218527338,0,NA,NA,0.062176524022116264,Moderate,0,0,0,0.049827902221619036,0.002527821012787214,0.00128951558765473,NA,NA,NA,NA,NA,NA
2039,78Sleep,5178.7716970118445,174478.77169701183,alt,169300,Diesel,N/A,FALSE,2021,0,0.5,5000,100,0,350,0,0,8.533633834472672,1,0,NCent,>200,0.050731034221433824,0.025879387454831333,224042.00197938742,3.6205475440999995,NA,1,250,896.1680079175497,1,7921.153869653963,8340.92218527338,419.768315619418,0.4999995842359861,0,0.9974041904182774,Moderate,0.8968721742495617,0.8968714284752115,0.8945433210276024,0.3133132578487935,0.01589470560595606,0.008108355194604401,NA,13,NA,NA,NA,NA
2039,78Sleep,10827.771697011834,180127.77169701183,alt,169300,Diesel,N/A,FALSE,2021,0,0.5,5000,100,0,350,0,0,9.421738304303894,1,0,NCent,>200,0.050731034221433824,0.025879387454831333,224042.00197938742,3.6205475440999995,NA,1,250,896.1680079175497,1,7174.496307041868,8340.92218527338,1166.4258782315128,0.4999995842359861,0,0.9887021232465928,Moderate,0.9610304919278353,0.9610296928040457,0.9501720977783809,0.3327972033036742,0.016883146309596166,0.008612587768180057,NA,NA,10,NA,NA,NA
2039,78Sleep,194914.30503034528,364214.3050303453,alt,169300,Electricity,N/A,TRUE,2021,0,0.5,5000,100,0,350,0,0,17.661869657792653,1,526.2220374318503,NCent,>200,0.050731034221433824,0.025879387454831333,224042.00197938742,9.749364596268473,NA,0.9673209199620472,250,896.1680079175497,1,10305.945352408859,8340.92218527338,-1965.0231671354777,0.4836600578037952,0,0.0251753055045415,Moderate,0,0,0,0,0,0,NA,NA,NA,86,NA,NA
2039,78Sleep,1,169301,alt,169300,Hydrogen,N/A,FALSE,2021,0,0.5,5000,100,0,350,0,0,11.575653609094317,1,0,NCent,>200,0.050731034221433824,0.025879387454831333,224042.00197938742,1.0648565759602588,NA,0.9317347591029426,250,896.1680079175497,1,1717.4883247457938,8340.92218527338,6623.433860527587,0.46586699216968797,0.46586699216968797,0.9999999999030866,Moderate,1,0.9317339843393759,0.9317339842490785,0.30406163662591323,0.01542536129309438,0.007868928904392142,NA,NA,NA,NA,1,NA
2039,78Sleep,1000000,1169300,alt,169300,Diesel,N/A,FALSE,2020,0,0,5000,100,0,350,0,0,1,1,0,NCent,>200,0.050731034221433824,0.025879387454831333,224042.00197938742,3.6205475440999995,NA,1,250,896.1680079175497,1,67596.2266701432,8340.92218527338,-59255.30448486981,0,0,0,Moderate,0,0,0,0,0,0,NA,NA,NA,NA,NA,86
2040,78Sleep,169300,169300,base,169300,Diesel,N/A,FALSE,NA,NA,NA,NA,NA,0,350,0,NA,8.10433259320017,1,0,NCent,>200,0.050731034221433824,0.025879387454831333,224042.00197938742,3.6207084361,NA,1,250,896.1680079175497,1,8341.122451877567,8341.122451877567,0,NA,NA,0.062176524022116264,Moderate,0,0,0,0.03657818328264928,0.0018556490678699592,9.466209775655149e-4,NA,NA,NA,NA,NA,NA
2040,78Sleep,6344.693298369906,175644.6932983699,alt,169300,Diesel,N/A,FALSE,2021,0,0.5,5000,100,0,350,0,0,8.714294802489743,1,0,NCent,>200,0.050731034221433824,0.025879387454831333,224042.00197938742,3.6207084361,NA,1,250,896.1680079175497,1,7757.280661575902,8341.122451877567,583.8417903016652,0.4999998470488865,0,0.99610634043526,Moderate,0.9208397583791071,0.9208394766921744,0.9172540412561617,0.32148605422149096,0.016309320018424188,0.008319862158522878,NA,12,NA,NA,NA,NA
2040,78Sleep,11837.693298369908,181137.6932983699,alt,169300,Diesel,N/A,FALSE,2021,0,0.5,5000,100,0,350,0,0,9.707730728479937,1,0,NCent,>200,0.050731034221433824,0.025879387454831333,224042.00197938742,3.6207084361,NA,1,250,896.1680079175497,1,6963.443099251471,8341.122451877567,1377.6793526260963,0.4999998470488865,0,0.9865112375571019,Moderate,0.976595171704321,0.9765948729616831,0.9634218167173507,0.3376672813381087,0.017130210405022116,0.008738622404568453,NA,NA,9,NA,NA,NA
2040,78Sleep,182628.35996503668,351928.3599650367,alt,169300,Electricity,N/A,TRUE,2021,0,0.5,5000,100,0,350,0,0,18.157376466903877,1,528.0588283803148,NCent,>200,0.050731034221433824,0.025879387454831333,224042.00197938742,9.430268792063863,NA,0.9828519181996197,250,896.1680079175497,1,9696.593113863682,8341.122451877567,-1355.4706619861154,0.49142580877151454,0,0.039464165810256246,Moderate,0,0,0,0,0,0,NA,NA,NA,86,NA,NA
2040,78Sleep,1,169301,alt,169300,Hydrogen,N/A,FALSE,2021,0,0.5,5000,100,0,350,0,0,11.934725711170284,1,0,NCent,>200,0.050731034221433824,0.025879387454831333,224042.00197938742,1.0648565759602588,NA,0.9317347591029426,250,896.1680079175497,1,1665.8154033915812,8341.122451877567,6675.307048485985,0.4658672370416024,0.4658672370416024,0.9999999999030866,Moderate,1,0.9317344740832048,0.9317344739929072,0.3042684811577511,0.015435854730117564,0.007874281914174488,NA,NA,NA,NA,1,NA
2040,78Sleep,1000000,1169300,alt,169300,Diesel,N/A,FALSE,2020,0,0,5000,100,0,350,0,0,1,1,0,NCent,>200,0.050731034221433824,0.025879387454831333,224042.00197938742,3.6207084361,NA,1,250,896.1680079175497,1,67599.23055062507,8341.122451877567,-59258.1080987475,0,0,0,Moderate,0,0,0,0,0,0,NA,NA,NA,NA,NA,86
2041,78Sleep,169300,169300,base,169300,Diesel,N/A,FALSE,NA,NA,NA,NA,NA,0,350,0,NA,8.104363000456464,1,0,NCent,>200,0.050731034221433824,0.025879387454831333,224042.00197938742,3.6438585757,NA,1,250,896.1680079175497,1,8394.422549347864,8394.422549347864,0,NA,NA,0.062176524022116264,Moderate,0,0,0,0.039792199811559126,0.0020186994503863386,0.001029797756603405,NA,NA,NA,NA,NA,NA
2041,78Sleep,7877.139054815092,177177.13905481508,alt,169300,Diesel,N/A,FALSE,2021,0,0.5,5000,100,0,350,0,0,8.951749133441808,1,0,NCent,>200,0.050731034221433824,0.025879387454831333,224042.00197938742,3.6438585757,NA,1,250,896.1680079175497,1,7599.793795045196,8394.422549347864,794.6287543026683,0.49999994373241896,0,0.9940046372280905,Moderate,0.9423324261565089,0.9423323201109766,0.9366826960002161,0.3252815573022504,0.016501869815101752,0.008418087453335858,NA,11,NA,NA,NA,NA
2041,78Sleep,13214.139054815081,182514.13905481508,alt,169300,Diesel,N/A,FALSE,2021,0,0.5,5000,100,0,350,0,0,10.083628967515526,1,0,NCent,>200,0.050731034221433824,0.025879387454831333,224042.00197938742,3.6438585757,NA,1,250,896.1680079175497,1,6746.722607336703,8394.422549347864,1647.6999420111615,0.49999994373241896,0,0.9832200036068897,Moderate,0.976595171704321,0.976595061803025,0.9602078001884409,0.33345111414227735,0.01691631988272711,0.008629510580133183,NA,NA,9,NA,NA,NA
2041,78Sleep,170708.93905481527,340008.9390548153,alt,169300,Electricity,N/A,TRUE,2021,0,0.5,5000,100,0,350,0,0,18.808652938690415,1,529.8956193287794,NCent,>200,0.050731034221433824,0.025879387454831333,224042.00197938742,8.945661668547308,NA,0.989366209446265,250,896.1680079175497,1,8879.795715056456,8394.422549347864,-485.37316570859184,0.4946830490538891,0,0.05935586767588963,Moderate,0,0,0,0,0,0,NA,NA,NA,86,NA,NA
2041,78Sleep,1,169301,alt,169300,Hydrogen,N/A,FALSE,2021,0,0.5,5000,100,0,350,0,0,12.406677271586721,1,0,NCent,>200,0.050731034221433824,0.025879387454831333,224042.00197938742,1.0648565759602588,NA,0.9317347591029426,250,896.1680079175497,1,1602.4475763911253,8394.422549347864,6791.974972956739,0.4658673271250102,0.4658673271250102,0.9999999999030866,Moderate,1,0.9317346542500204,0.9317346541597229,0.3014751287439131,0.015294145073218622,0.007801991664758885,NA,NA,NA,NA,1,NA
2041,78Sleep,1000000,1169300,alt,169300,Diesel,N/A,FALSE,2020,0,0,5000,100,0,350,0,0,1,1,0,NCent,>200,0.050731034221433824,0.025879387454831333,224042.00197938742,3.6438585757,NA,1,250,896.1680079175497,1,68031.44751913227,8394.422549347864,-59637.024969784405,0,0,0,Moderate,0,0,0,0,0,0,NA,NA,NA,NA,NA,86
2042,78Sleep,169300,169300,base,169300,Diesel,N/A,FALSE,NA,NA,NA,NA,NA,0,350,0,NA,8.104384780420897,1,0,NCent,>200,0.050731034221433824,0.025879387454831333,224042.00197938742,3.6971650080000003,NA,1,250,896.1680079175497,1,8517.2026469092,8517.2026469092,0,NA,NA,0.062176524022116264,Moderate,0,0,0,0.032353809981444326,0.0016413422413624193,8.372967841497871e-4,NA,NA,NA,NA,NA,NA
2042,78Sleep,9704.466805631271,179004.46680563127,alt,169300,Diesel,N/A,FALSE,2021,0,0.5,5000,100,0,350,0,0,9.23489578752419,1,0,NCent,>200,0.050731034221433824,0.025879387454831333,224042.00197938742,3.6971650080000003,NA,1,250,896.1680079175497,1,7474.549696231825,8517.2026469092,1042.652950677375,0.4999999793003122,0,0.9909145477480654,Moderate,0.9610304919278353,0.961030452141773,0.9522990558561838,0.33051069133247857,0.01676714919253772,0.008553414238957377,NA,10,NA,NA,NA,NA
2042,78Sleep,14885.466805631266,184185.46680563127,alt,169300,Diesel,N/A,FALSE,2021,0,0.5,5000,100,0,350,0,0,10.531859699848946,1,0,NCent,>200,0.050731034221433824,0.025879387454831333,224042.00197938742,3.6971650080000003,NA,1,250,896.1680079175497,1,6554.083463945263,8517.2026469092,1963.1191829639365,0.4999999793003122,0,0.9787551400548101,Moderate,0.9886499600138164,0.9886499190843254,0.9676461900185557,0.33583716088086785,0.017037366501476484,0.008691260008166503,NA,NA,8,NA,NA,NA
2042,78Sleep,159084.40013896482,328384.4001389648,alt,169300,Electricity,N/A,TRUE,2021,0,0.5,5000,100,0,350,0,0,19.585251761417982,1,531.732410277244,NCent,>200,0.050731034221433824,0.025879387454831333,224042.00197938742,8.28091048336302,NA,0.9951942788280157,250,896.1680079175497,1,7894.000144875786,8517.2026469092,623.202502033414,0.497597118813797,0,0.08606365840310348,Moderate,0,0,0,0,0,0,NA,NA,NA,86,NA,NA
2042,78Sleep,1,169301,alt,169300,Hydrogen,N/A,FALSE,2021,0,0.5,5000,100,0,350,0,0,12.969444455849404,1,0,NCent,>200,0.050731034221433824,0.025879387454831333,224042.00197938742,1.0648565759602588,NA,0.9317347591029426,250,896.1680079175497,1,1532.9145355917203,8517.2026469092,6984.288111317479,0.46586736026485265,0.46586736026485265,0.9999999999030866,Moderate,1,0.9317347205297053,0.9317347204394077,0.30129833780520926,0.0152851762860572,0.007797416423557665,NA,NA,NA,NA,1,NA
2042,78Sleep,1000000,1169300,alt,169300,Diesel,N/A,FALSE,2020,0,0,5000,100,0,350,0,0,1,1,0,NCent,>200,0.050731034221433824,0.025879387454831333,224042.00197938742,3.6971650080000003,NA,1,250,896.1680079175497,1,69026.68750337149,8517.2026469092,-60509.48485646229,0,0,0,Moderate,0,0,0,0,0,0,NA,NA,NA,NA,NA,86
2043,78Sleep,169300,169300,base,169300,Diesel,N/A,FALSE,NA,NA,NA,NA,NA,0,350,0,NA,8.104401687301593,1,0,NCent,>200,0.050731034221433824,0.025879387454831333,224042.00197938742,3.7195882209,NA,1,250,896.1680079175497,1,8568.841391206703,8568.841391206703,0,NA,NA,0.062176524022116264,Moderate,0,0,0,0.03762516882074074,0.0019087637270322234,9.737163219653889e-4,NA,NA,NA,NA,NA,NA
2043,78Sleep,11646.598614745648,180946.59861474566,alt,169300,Diesel,N/A,FALSE,2021,0,0.5,5000,100,0,350,0,0,9.535831469857083,1,0,NCent,>200,0.050731034221433824,0.025879387454831333,224042.00197938742,3.7195882209,NA,1,250,896.1680079175497,1,7282.567110024243,8568.841391206703,1286.2742811824592,0.49999999238501025,0,0.9869403846154037,Moderate,0.9610304919278353,0.9610304772913606,0.9484797888850603,0.32846284420894123,0.016663259790033285,0.008500417209799093,NA,10,NA,NA,NA,NA
2043,78Sleep,16671.598614745657,185971.59861474566,alt,169300,Diesel,N/A,FALSE,2021,0,0.5,5000,100,0,350,0,0,11.008251065710132,1,0,NCent,>200,0.050731034221433824,0.025879387454831333,224042.00197938742,3.7195882209,NA,1,250,896.1680079175497,1,6308.480085945012,8568.841391206703,2260.36130526169,0.49999999238501025,0,0.9734232385168551,Moderate,0.9886499600138164,0.9886499449566978,0.9623748311792593,0.33327476025168695,0.016907373267468485,0.008624946649469428,NA,NA,8,NA,NA,NA
2043,78Sleep,147574.66528141254,316874.66528141254,alt,169300,Electricity,N/A,TRUE,2021,0,0.5,5000,100,0,350,0,0,20.410641336914953,1,533.5692012257085,NCent,>200,0.050731034221433824,0.025879387454831333,224042.00197938742,7.450342955049495,NA,0.9973212605778902,250,896.1680079175497,1,6815.030631690618,8568.841391206703,1753.8107595160845,0.4986606226943539,0,0.12116450180720528,Moderate,0,0,0,0,0,0,NA,NA,NA,86,NA,NA
2043,78Sleep,1,169301,alt,169300,Hydrogen,N/A,FALSE,2021,0,0.5,5000,100,0,350,0,0,13.56756816364847,1,0,NCent,>200,0.050731034221433824,0.025879387454831333,224042.00197938742,1.0648565759602588,NA,0.9317347591029426,250,896.1680079175497,1,1465.3362846695118,8568.841391206703,7103.505106537191,0.46586737245632065,0.46586737245632065,0.9999999999030866,Moderate,1,0.9317347449126413,0.9317347448223438,0.300637226718631,0.015251637436899829,0.007780307273597423,NA,NA,NA,NA,1,NA
2043,78Sleep,1000000,1169300,alt,169300,Diesel,N/A,FALSE,2020,0,0,5000,100,0,350,0,0,1,1,0,NCent,>200,0.050731034221433824,0.025879387454831333,224042.00197938742,3.7195882209,NA,1,250,896.1680079175497,1,69445.33262911532,8568.841391206703,-60876.491237908616,0,0,0,Moderate,0,0,0,0,0,0,NA,NA,NA,NA,NA,86
2044,78Sleep,169300,169300,base,169300,Diesel,N/A,FALSE,NA,NA,NA,NA,NA,0,350,0,NA,8.104420406236217,1,0,NCent,>200,0.050731034221433824,0.025879387454831333,224042.00197938742,3.748680962,NA,1,250,896.1680079175497,1,8635.842595873522,8635.842595873522,0,NA,NA,0.062176524022116264,Moderate,0,0,0,0.04306776373826571,0.0021848721960465844,0.0011145673445957134,NA,NA,NA,NA,NA,NA
2044,78Sleep,13473.926365561829,182773.92636556184,alt,169300,Diesel,N/A,FALSE,2021,0,0.5,5000,100,0,350,0,0,9.818978123939464,1,0,NCent,>200,0.050731034221433824,0.025879387454831333,224042.00197938742,3.748680962,NA,1,250,896.1680079175497,1,7127.880119052684,8635.842595873522,1507.9624768208387,0.4999999971986018,0,0.9825595787378731,Moderate,0.9610304919278353,0.9610304865433771,0.9442697100123139,0.3262888865937013,0.016552972671858603,0.008444156518363917,NA,10,NA,NA,NA,NA
2044,78Sleep,18342.92636556184,187642.92636556184,alt,169300,Diesel,N/A,FALSE,2021,0,0.5,5000,100,0,350,0,0,11.456481798043551,1,0,NCent,>200,0.050731034221433824,0.025879387454831333,224042.00197938742,3.748680962,NA,1,250,896.1680079175497,1,6109.074338248713,8635.842595873522,2526.76825762481,0.4999999971986018,0,0.9679181513443421,Moderate,0.9886499600138164,0.9886499544746119,0.9569322362617343,0.33066437544776295,0.016774945746649506,0.008557391489722474,NA,NA,8,NA,NA,NA
2044,78Sleep,135950.1263655621,305250.1263655621,alt,169300,Electricity,N/A,TRUE,2021,0,0.5,5000,100,0,350,0,0,21.187240159642524,1,535.4059921741731,NCent,>200,0.050731034221433824,0.025879387454831333,224042.00197938742,6.604116979035536,NA,0.9985750235618076,250,896.1680079175497,1,5819.538781127364,8635.842595873522,2816.3038147461584,0.4992875089834975,0,0.16676080860579412,Moderate,0,0,0,0,0,0,NA,NA,NA,86,NA,NA
2044,78Sleep,1,169301,alt,169300,Hydrogen,N/A,FALSE,2021,0,0.5,5000,100,0,350,0,0,14.130335347911153,1,0,NCent,>200,0.050731034221433824,0.025879387454831333,224042.00197938742,1.0648565759602588,NA,0.9317347591029426,250,896.1680079175497,1,1406.97651084834,8635.842595873522,7228.866085025183,0.4658673769413112,0.4658673769413112,0.9999999999030866,Moderate,1,0.9317347538826224,0.9317347537923248,0.29997897422027003,0.015218243606879133,0.007763272102149228,NA,NA,NA,NA,1,NA
2044,78Sleep,1000000,1169300,alt,169300,Diesel,N/A,FALSE,2020,0,0,5000,100,0,350,0,0,1,1,0,NCent,>200,0.050731034221433824,0.025879387454831333,224042.00197938742,3.748680962,NA,1,250,896.1680079175497,1,69988.49895904132,8635.842595873522,-61352.65636316779,0,0,0,Moderate,0,0,0,0,0,0,NA,NA,NA,NA,NA,86
2045,78Sleep,169300,169300,base,169300,Diesel,N/A,FALSE,NA,NA,NA,NA,NA,0,350,0,NA,8.10443114586017,1,0,NCent,>200,0.050731034221433824,0.025879387454831333,224042.00197938742,3.800162241,NA,1,250,896.1680079175497,1,8754.42850334019,8754.42850334019,0,NA,NA,0.062176524022116264,Moderate,0,0,0,0.04791413309689685,0.0024307335258290093,0.001239988414976951,NA,NA,NA,NA,NA,NA
2045,78Sleep,15006.372122007013,184306.37212200701,alt,169300,Diesel,N/A,FALSE,2021,0,0.5,5000,100,0,350,0,0,10.05643245489153,1,0,NCent,>200,0.050731034221433824,0.025879387454831333,224042.00197938742,3.800162241,NA,1,250,896.1680079175497,1,7055.152346015688,8754.42850334019,1699.2761573245025,0.49999999896942315,0,0.9784123883561271,Moderate,0.9610304919278353,0.9610304899470038,0.940284136952107,0.324300433565107,0.01645209639321727,0.008392696572001193,NA,10,NA,NA,NA,NA
2045,78Sleep,19719.372122007015,189019.37212200701,alt,169300,Diesel,N/A,FALSE,2021,0,0.5,5000,100,0,350,0,0,11.832380037079142,1,0,NCent,>200,0.050731034221433824,0.025879387454831333,224042.00197938742,3.800162241,NA,1,250,896.1680079175497,1,5996.229228975171,8754.42850334019,2758.199274365019,0.49999999896942315,0,0.9630161405682885,Moderate,0.9886499600138164,0.9886499579760569,0.952085866903103,0.32837080547665753,0.016658590569956104,0.00849803530378547,NA,NA,8,NA,NA,NA
2045,78Sleep,124030.70545534056,293330.70545534056,alt,169300,Electricity,N/A,TRUE,2021,0,0.5,5000,100,0,350,0,0,21.83851663142906,1,537.2427831226377,NCent,>200,0.050731034221433824,0.025879387454831333,224042.00197938742,5.857205761484339,NA,0.9994962000836077,250,896.1680079175497,1,5007.437573696455,8754.42850334019,3746.9909296437354,0.4997480990117462,0,0.22517493895239393,Moderate,0,0,0,0,0,0,NA,NA,NA,86,NA,NA
2045,78Sleep,1,169301,alt,169300,Hydrogen,N/A,FALSE,2021,0,0.5,5000,100,0,350,0,0,14.602286908327589,1,0,NCent,>200,0.050731034221433824,0.025879387454831333,224042.00197938742,1.0648565759602588,NA,0.9317347591029426,250,896.1680079175497,1,1361.5024858594559,8754.42850334019,7392.926017480734,0.465867378591247,0.465867378591247,0.9999999999030866,Moderate,1,0.931734757182494,0.9317347570921964,0.29941462786133854,0.01518961373243144,0.007748667164067717,NA,NA,NA,NA,1,NA
2045,78Sleep,1000000,1169300,alt,169300,Diesel,N/A,FALSE,2020,0,0,5000,100,0,350,0,0,1,1,0,NCent,>200,0.050731034221433824,0.025879387454831333,224042.00197938742,3.800162241,NA,1,250,896.1680079175497,1,70949.66302667628,8754.42850334019,-62195.23452333609,0,0,0,Moderate,0,0,0,0,0,0,NA,NA,NA,NA,NA,86
2046,78Sleep,169300,169300,base,169300,Diesel,N/A,FALSE,NA,NA,NA,NA,NA,0,350,0,NA,8.104433367948719,1,0,NCent,>200,0.050731034221433824,0.025879387454831333,224042.00197938742,3.8024309569000003,NA,1,250,896.1680079175497,1,8759.652539285584,8759.652539285584,0,NA,NA,0.062176524022116264,Moderate,0,0,0,0.05167590137017086,0.002621571920833577,0.001337340673636301,NA,NA,NA,NA,NA,NA
2046,78Sleep,16172.293723365065,185472.29372336506,alt,169300,Diesel,N/A,FALSE,2021,0,0.5,5000,100,0,350,0,0,10.237093422908599,1,0,NCent,>200,0.050731034221433824,0.025879387454831333,224042.00197938742,3.8024309569000003,NA,1,250,896.1680079175497,1,6934.782891807617,8759.652539285584,1824.8696474779672,0.49999999962087194,0,0.974971523457757,Moderate,0.9610304919278353,0.9610304911991281,0.9369773620937704,0.32270943895049037,0.016371383590977038,0.008351522605930977,NA,10,NA,NA,NA,NA
2046,78Sleep,20729.29372336506,190029.29372336506,alt,169300,Diesel,N/A,FALSE,2021,0,0.5,5000,100,0,350,0,0,12.118372461255182,1,0,NCent,>200,0.050731034221433824,0.025879387454831333,224042.00197938742,3.8024309569000003,NA,1,250,896.1680079175497,1,5858.214092527544,8759.652539285584,2901.4384467580394,0.49999999962087194,0,0.9592111846498722,Moderate,0.9886499600138164,0.9886499592641665,0.9483240986298291,0.32661742982583886,0.01656964000981139,0.008452659015964066,NA,NA,8,NA,NA,NA
2046,78Sleep,111744.76039003197,281044.76039003197,alt,169300,Electricity,N/A,TRUE,2021,0,0.5,5000,100,0,350,0,0,22.334023440540282,1,539.0795740711022,NCent,>200,0.050731034221433824,0.025879387454831333,224042.00197938742,5.30615958478337,NA,0.9997640993933704,250,896.1680079175497,1,4435.693593088002,8759.652539285584,4323.958946197582,0.49988204931764657,0,0.29815362068509565,Moderate,0,0,0,0,0,0,NA,NA,NA,86,NA,NA
2046,78Sleep,1,169301,alt,169300,Hydrogen,N/A,FALSE,2021,0,0.5,5000,100,0,350,0,0,14.961359010403559,1,0,NCent,>200,0.050731034221433824,0.025879387454831333,224042.00197938742,1.0648565759602588,NA,0.9317347591029426,250,896.1680079175497,1,1328.8264729892837,8759.652539285584,7430.8260662963,0.46586737919822446,0.46586737919822446,0.9999999999030866,Moderate,1,0.9317347583964489,0.9317347583061514,0.29899722985349997,0.015168438699811822,0.007737865159299987,NA,NA,NA,NA,1,NA
2046,78Sleep,1000000,1169300,alt,169300,Diesel,N/A,FALSE,2020,0,0,5000,100,0,350,0,0,1,1,0,NCent,>200,0.050731034221433824,0.025879387454831333,224042.00197938742,3.8024309569000003,NA,1,250,896.1680079175497,1,70992.02033102282,8759.652539285584,-62232.36779173724,0,0,0,Moderate,0,0,0,0,0,0,NA,NA,NA,NA,NA,86
2047,78Sleep,169300,169300,base,169300,Diesel,N/A,FALSE,NA,NA,NA,NA,NA,0,350,0,NA,8.104432016948708,1,0,NCent,>200,0.050731034221433824,0.025879387454831333,224042.00197938742,3.8379313606,NA,1,250,896.1680079175497,1,8841.436221667427,8841.436221667427,0,NA,NA,0.062176524022116264,Moderate,0,0,0,0.05425482874841747,0.0027524035739139984,0.0014040817344758174,NA,NA,NA,NA,NA,NA
2047,78Sleep,16995.32125247119,186295.32125247119,alt,169300,Diesel,N/A,FALSE,2021,0,0.5,5000,100,0,350,0,0,10.364622538022186,1,0,NCent,>200,0.050731034221433824,0.025879387454831333,224042.00197938742,3.8379313606,NA,1,250,896.1680079175497,1,6913.403602285447,8841.436221667427,1928.03261938198,0.49999999986052657,0,0.9723956188422218,Moderate,0.9610304919278353,0.9610304916597588,0.9345018396637359,0.3215718614630839,0.016313673108533887,0.008322082797374493,NA,10,NA,NA,NA,NA
2047,78Sleep,21396.321252471185,190696.32125247119,alt,169300,Diesel,N/A,FALSE,2021,0,0.5,5000,100,0,350,0,0,12.320255364821348,1,0,NCent,>200,0.050731034221433824,0.025879387454831333,224042.00197938742,3.8379313606,NA,1,250,896.1680079175497,1,5816.017336401254,8841.436221667427,3025.4188852661728,0.49999999986052657,0,0.956602649841991,Moderate,0.9886499600138164,0.9886499597380356,0.9457451712515825,0.32544080951036813,0.016509948844321613,0.008422208802932775,NA,NA,8,NA,NA,NA
2047,78Sleep,99115.92125247142,268415.9212524714,alt,169300,Electricity,N/A,TRUE,2021,0,0.5,5000,100,0,350,0,0,22.683803172113176,1,540.9163650195668,NCent,>200,0.050731034221433824,0.025879387454831333,224042.00197938742,4.975776188054705,NA,0.9999319403315269,250,896.1680079175497,1,4095.370200618237,8841.436221667427,4746.06602104919,0.4999659700262995,0,0.3859399892560824,Moderate,0,0,0,0,0,0,NA,NA,NA,86,NA,NA
2047,78Sleep,1,169301,alt,169300,Hydrogen,N/A,FALSE,2021,0,0.5,5000,100,0,350,0,0,15.214829076142365,1,0,NCent,>200,0.050731034221433824,0.025879387454831333,224042.00197938742,1.0648565759602588,NA,0.9317347591029426,250,896.1680079175497,1,1306.68900882334,8841.436221667427,7534.747212844088,0.465867379421519,0.465867379421519,0.9999999999030866,Moderate,1,0.931734758843038,0.9317347587527405,0.2987325002781304,0.015155008694664324,0.007731014120048246,NA,NA,NA,NA,1,NA
2047,78Sleep,1000000,1169300,alt,169300,Diesel,N/A,FALSE,2020,0,0,5000,100,0,350,0,0,1,1,0,NCent,>200,0.050731034221433824,0.025879387454831333,224042.00197938742,3.8379313606,NA,1,250,896.1680079175497,1,71654.81879069151,8841.436221667427,-62813.382569024085,0,0,0,Moderate,0,0,0,0,0,0,NA,NA,NA,NA,NA,86
2048,78Sleep,169300,169300,base,169300,Diesel,N/A,FALSE,NA,NA,NA,NA,NA,0,350,0,NA,8.104426722698674,1,0,NCent,>200,0.050731034221433824,0.025879387454831333,224042.00197938742,3.8705042234000002,NA,1,250,896.1680079175497,1,8916.480097347116,8916.480097347116,0,NA,NA,0.062176524022116264,Moderate,0,0,0,0.055816022572477086,0.002831604551228658,0.001444484474340746,NA,NA,NA,NA,NA,NA
2048,78Sleep,17546.052100788915,186846.05210078892,alt,169300,Diesel,N/A,FALSE,2021,0,0.5,5000,100,0,350,0,0,10.449958951772519,1,0,NCent,>200,0.050731034221433824,0.025879387454831333,224042.00197938742,3.8705042234000002,NA,1,250,896.1680079175497,1,6915.142911742598,8916.480097347116,2001.3371856045178,0.4999999999486906,0,0.9706045787253704,Moderate,0.9610304919278353,0.9610304918292155,0.9327805956641313,0.32083288139851796,0.016276183885589435,0.008302958445962195,NA,10,NA,NA,NA,NA
2048,78Sleep,21791.05210078892,191091.05210078892,alt,169300,Diesel,N/A,FALSE,2021,0,0.5,5000,100,0,350,0,0,12.455345794740012,1,0,NCent,>200,0.050731034221433824,0.025879387454831333,224042.00197938742,3.8705042234000002,NA,1,250,896.1680079175497,1,5801.7626137580255,8916.480097347116,3114.71748358909,0.4999999999486906,0,0.9550235328095487,Moderate,0.9886499600138164,0.9886499599123624,0.944183977427523,0.3247551111767129,0.01647516265869137,0.008404463350078979,NA,NA,8,NA,NA,NA
2048,78Sleep,86214.78543412249,255514.7854341225,alt,169300,Electricity,N/A,TRUE,2021,0,0.5,5000,100,0,350,0,0,22.9178591197954,1,542.7531559680314,NCent,>200,0.050731034221433824,0.025879387454831333,224042.00197938742,4.812644533797186,NA,0.9999723973838034,250,896.1680079175497,1,3920.648777775478,8916.480097347116,4995.831319571638,0.49998619864059374,0,0.48657907680942325,Moderate,0,0,0,0,0,0,NA,NA,NA,86,NA,NA
2048,78Sleep,1,169301,alt,169300,Hydrogen,N/A,FALSE,2021,0,0.5,5000,100,0,350,0,0,15.384439179560285,1,0,NCent,>200,0.050731034221433824,0.025879387454831333,224042.00197938742,1.0648565759602588,NA,0.9317347591029426,250,896.1680079175497,1,1292.283046062212,8916.480097347116,7624.197051284904,0.4658673795036645,0.4658673795036645,0.9999999999030866,Moderate,1,0.931734759007329,0.9317347589170315,0.2985959848522921,0.015148083125924366,0.0077274811844494145,NA,NA,NA,NA,1,NA
2048,78Sleep,1000000,1169300,alt,169300,Diesel,N/A,FALSE,2020,0,0,5000,100,0,350,0,0,1,1,0,NCent,>200,0.050731034221433824,0.025879387454831333,224042.00197938742,3.8705042234000002,NA,1,250,896.1680079175497,1,72262.95957335085,8916.480097347116,-63346.47947600373,0,0,0,Moderate,0,0,0,0,0,0,NA,NA,NA,NA,NA,86
2049,78Sleep,169300,169300,base,169300,Diesel,N/A,FALSE,NA,NA,NA,NA,NA,0,350,0,NA,8.104422754526304,1,0,NCent,>200,0.050731034221433824,0.025879387454831333,224042.00197938742,3.8942058342,NA,1,250,896.1680079175497,1,8971.085887709769,8971.085887709769,0,NA,NA,0.062176524022116264,Moderate,0,0,0,0.05661475712470043,0.0028721251811313422,0.0014651552352912952,NA,NA,NA,NA,NA,NA
2049,78Sleep,17901.511629148295,187201.5116291483,alt,169300,Diesel,N/A,FALSE,2021,0,0.5,5000,100,0,350,0,0,10.505037837359248,1,0,NCent,>200,0.050731034221433824,0.025879387454831333,224042.00197938742,3.8942058342,NA,1,250,896.1680079175497,1,6921.010064580742,8971.085887709769,2050.0758231290265,0.4999999999811243,0,0.9694200725367835,Moderate,0.9610304919278353,0.9610304918915551,0.9316422491595721,0.32039635369000385,0.016254038383470202,0.008291661376258789,NA,10,NA,NA,NA,NA
2049,78Sleep,21990.5116291483,191290.5116291483,alt,169300,Diesel,N/A,FALSE,2021,0,0.5,5000,100,0,350,0,0,12.542537533956063,1,0,NCent,>200,0.050731034221433824,0.025879387454831333,224042.00197938742,3.8942058342,NA,1,250,896.1680079175497,1,5796.7115828301385,8971.085887709769,3174.3743048796305,0.4999999999811243,0,0.954215628449254,Moderate,0.9886499600138164,0.9886499599764935,0.9433852428752996,0.3244348270109784,0.01645891431171891,0.008396174592058289,NA,NA,8,NA,NA,NA
2049,78Sleep,73118.3782958152,242418.3782958152,alt,169300,Electricity,N/A,TRUE,2021,0,0.5,5000,100,0,350,0,0,23.0689264097919,1,544.5899469164959,NCent,>200,0.050731034221433824,0.025879387454831333,224042.00197938742,4.7309044396005095,NA,0.9999894805786824,250,896.1680079175497,1,3828.8203613273085,8971.085887709769,5142.26552638246,0.49999474027046575,0,0.5956348016907453,Moderate,0,0,0,0,0,0,NA,NA,NA,86,NA,NA
2049,78Sleep,1,169301,alt,169300,Hydrogen,N/A,FALSE,2021,0,0.5,5000,100,0,350,0,0,15.493911034187787,1,0,NCent,>200,0.050731034221433824,0.025879387454831333,224042.00197938742,1.0648565759602588,NA,0.9317347591029426,250,896.1680079175497,1,1283.1524513760828,8971.085887709769,7687.933436333686,0.4658673795338842,0.4658673795338842,0.9999999999030866,Moderate,1,0.9317347590677684,0.9317347589774708,0.29855406217431735,0.015145956345113376,0.007726396251222962,NA,NA,NA,NA,1,NA
2049,78Sleep,1000000,1169300,alt,169300,Diesel,N/A,FALSE,2020,0,0,5000,100,0,350,0,0,1,1,0,NCent,>200,0.050731034221433824,0.025879387454831333,224042.00197938742,3.8942058342,NA,1,250,896.1680079175497,1,72705.47260116487,8971.085887709769,-63734.386713455104,0,0,0,Moderate,0,0,0,0,0,0,NA,NA,NA,NA,NA,86
2050,78Sleep,169300,169300,base,169300,Diesel,N/A,FALSE,NA,NA,NA,NA,NA,0,350,0,NA,8.104408137834696,1,0,NCent,>200,0.050731034221433824,0.025879387454831333,224042.00197938742,3.9160477553999997,NA,1,250,896.1680079175497,1,9021.41941403089,9021.41941403089,0,NA,NA,0.062176524022116264,Moderate,0,0,0,0.05521324371291725,0.0028010249562763706,0.0014288849266846156,NA,NA,NA,NA,NA,NA
2050,78Sleep,18484.47894166572,187784.47894166573,alt,169300,Diesel,N/A,FALSE,2021,0,0.5,5000,100,0,350,0,0,10.59536933038505,1,0,NCent,>200,0.050731034221433824,0.025879387454831333,224042.00197938742,3.9160477553999997,NA,1,250,896.1680079175497,1,6900.492340953142,9021.41941403089,2120.927073077748,0.499999999993056,0,0.9674292723067572,Moderate,0.976595171704321,0.976595171690758,0.9447867562870828,0.3240513405277243,0.016439459645813486,0.008386250196774464,NA,9,NA,NA,NA,NA
2050,78Sleep,22417.47894166573,191717.47894166573,alt,169300,Diesel,N/A,FALSE,2021,0,0.5,5000,100,0,350,0,0,12.685535343352553,1,0,NCent,>200,0.050731034221433824,0.025879387454831333,224042.00197938742,3.9160477553999997,NA,1,250,896.1680079175497,1,5763.514344091479,9021.41941403089,3257.905069939411,0.499999999993056,0,0.9524638188558953,Moderate,0.9886499600138164,0.9886499600000861,0.9416533164134101,0.32297660553089064,0.016384937227910144,0.008358436713380138,NA,NA,8,NA,NA,NA
2050,78Sleep,60249.47894166573,229549.47894166573,alt,169300,Electricity,N/A,TRUE,2021,0,0.5,5000,100,0,350,0,0,23.31668258182369,1,546.4267378649602,NCent,>200,0.050731034221433824,0.025879387454831333,224042.00197938742,4.687279487853112,NA,0.9999978110749951,250,896.1680079175497,1,3753.205016087787,9021.41941403089,5268.214397943103,0.49999890553055354,0,0.7034240179728756,Moderate,0,0,0,0,0,0,NA,NA,NA,86,NA,NA
2050,78Sleep,1,169301,alt,169300,Hydrogen,N/A,FALSE,2021,0,0.5,5000,100,0,350,0,0,15.673449090694662,1,0,NCent,>200,0.050731034221433824,0.025879387454831333,224042.00197938742,1.0648565759602588,NA,0.9317347591029426,250,896.1680079175497,1,1268.4540467052907,9021.41941403089,7752.9653673256,0.4658673795450013,0.4658673795450013,0.9999999999030866,Moderate,1,0.9317347590900026,0.931734758999705,0.29775881022846784,0.015105612391433822,0.0077058156179921145,NA,NA,NA,NA,1,NA
2050,78Sleep,1000000,1169300,alt,169300,Diesel,N/A,FALSE,2020,0,0,5000,100,0,350,0,0,1,1,0,NCent,>200,0.050731034221433824,0.025879387454831333,224042.00197938742,3.9160477553999997,NA,1,250,896.1680079175497,1,73113.26491389186,9021.41941403089,-64091.845499860974,0,0,0,Moderate,0,0,0,0,0,0,NA,NA,NA,NA,NA,86
